gender,birth_year,education_stage,work_mode,device_usage_type,daily_screen_time,social_media_hours,doomscrolling_duration,late_night_device_usage,notification_count,smartphone_unlocks,app_switch_frequency,concentration_score,distraction_frequency,focus_sessions,deep_work_hours,task_completion_rate,sleep_hours,sleep_quality,motivation_level,emotional_exhaustion,stress_level,mental_fatigue,DE01_indicator_score,DE02_indicator_score,DE04_indicator_score,DE05_indicator_score,PS02_indicator_score,CP03_indicator_score,CP02_indicator_score,CP04_indicator_score,SR01_indicator_score,SR05_indicator_score,PS03_indicator_score,PS04_indicator_score,psychological_symptoms_score,digital_exposure_score,cognitive_performance_score,sleep_and_recovery_score,digital_burnout_score,dbi_level
Nam,2006 - 2008,Sinh viên đại học / cao đẳng (năm 3-4+),Hoàn toàn trực tiếp (đến trường / văn phòng ≥ 4 ngày/tuần),"Chủ yếu để giải trí (mạng xã hội, game, xem phim)",2,2,4,3,0,1,1,1,3,2,0,3,1,1,10,1,1,4,0.5,0.5,0.16666666666666666,1.0,1.0,0.7777777777777778,1.0,0.0,0.75,1.0,0.0,0.75,0.14979863002874003,0.19028212739440992,0.13574549450082235,0.09463732630727152,0.5704635782312438,Low Risk
Nữ,2006 - 2008,Sinh viên đại học / cao đẳng (năm 1-2),"Kết hợp hybrid (2-3 ngày trực tiếp, còn lại online/remote)",Cân bằng cả học lẫn giải trí,3,1,1,1,1,1,2,6,1,1,1,3,3,9,9,5,5,4,0.75,0.5,0.3333333333333333,0.3333333333333333,0.25,0.48148148148148145,0.6666666666666667,0.0,0.25,0.11111111111111116,1.0,0.75,0.26582224925435616,0.1698002905819802,0.08723341775692531,0.024681792254675778,0.5475377498479375,Low Risk
Nữ,2006 - 2008,Sinh viên đại học / cao đẳng (năm 3-4+),Hoàn toàn trực tiếp (đến trường / văn phòng ≥ 4 ngày/tuần),"Chủ yếu để học (LMS, tài liệu, nghiên cứu)",4,2,2,3,3,2,3,7,1,3,2,2,3,8,6,5,5,5,1.0,0.8333333333333333,0.8333333333333333,1.0,0.5,0.22222222222222224,0.33333333333333337,0.33333333333333337,0.25,0.22222222222222232,1.0,1.0,0.30519288459132504,0.31157805285544704,0.052698582343324855,0.02811378384521648,0.6975833036353133,Medium Risk
Nữ,2006 - 2008,Sinh viên đại học / cao đẳng (năm 1-2),"Tự do, không cố định lịch trình",Cân bằng cả học lẫn giải trí,3,2,1,3,1,1,1,6,1,3,1,3,1,4,8,4,5,3,0.75,0.5,0.3333333333333333,1.0,0.25,0.25925925925925924,0.6666666666666667,0.0,0.75,0.6666666666666667,0.875,0.5,0.23175286402533118,0.23442955680135535,0.06765194629518775,0.08434135153564942,0.6181757186575236,Medium Risk
Nữ,2009 - 2012,Học sinh THPT,Hoàn toàn trực tiếp (đến trường / văn phòng ≥ 4 ngày/tuần),"Chủ yếu để giải trí (mạng xã hội, game, xem phim)",4,3,4,3,2,1,1,7,1,2,1,0,3,8,4,2,2,4,1.0,0.6666666666666666,0.5,1.0,1.0,0.3333333333333333,0.6666666666666667,1.0,0.25,0.22222222222222232,0.25,0.75,0.20256957784851912,0.2839629618520581,0.10632009170912127,0.02811378384521648,0.6209664152549149,Medium Risk
Nam,2006 - 2008,Sinh viên đại học / cao đẳng (năm 3-4+),Hoàn toàn trực tiếp (đến trường / văn phòng ≥ 4 ngày/tuần),Cân bằng cả học lẫn giải trí,4,3,4,3,1,2,1,7,1,3,3,2,3,8,8,5,1,3,1.0,0.6666666666666666,0.5,1.0,1.0,0.22222222222222224,0.0,0.33333333333333337,0.25,0.22222222222222232,0.5,0.5,0.2476566143491628,0.2839629618520581,0.030295134215077887,0.02811378384521648,0.5900284942615153,Low Risk
Nữ,2006 - 2008,Sinh viên đại học / cao đẳng (năm 1-2),Hoàn toàn trực tiếp (đến trường / văn phòng ≥ 4 ngày/tuần),Cân bằng cả học lẫn giải trí,3,3,3,1,0,2,0,7,1,1,1,1,4,9,7,3,2,2,0.75,0.5,0.3333333333333333,0.3333333333333333,0.75,0.4444444444444445,0.6666666666666667,0.6666666666666667,0.0,0.11111111111111116,0.375,0.25,0.18190050510230435,0.1698002905819802,0.10539716468664971,0.0034319915905407015,0.460529951961475,Low Risk
Nữ,2006 - 2008,Sinh viên đại học / cao đẳng (năm 1-2),Hoàn toàn trực tiếp (đến trường / văn phòng ≥ 4 ngày/tuần),Cân bằng cả học lẫn giải trí,3,1,3,3,0,1,1,3,1,2,0,1,1,4,7,4,4,4,0.75,0.3333333333333333,0.16666666666666666,1.0,0.75,0.48148148148148157,1.0,0.6666666666666667,0.75,0.6666666666666667,0.75,0.75,0.27642474947024387,0.21792902347778217,0.13106419139185294,0.08434135153564942,0.7097593158755284,High Risk
Nữ,2009 - 2012,Học sinh THPT,"Tự do, không cố định lịch trình",Cân bằng cả học lẫn giải trí,2,2,0,3,3,1,0,5,1,1,1,2,3,9,8,3,5,5,0.5,0.3333333333333333,0.6666666666666666,1.0,0.0,0.5185185185185185,0.6666666666666667,0.33333333333333337,0.25,0.11111111111111116,0.75,1.0,0.1890484887358791,0.21823982479009976,0.10121065908722189,0.024681792254675778,0.5331807648678766,Low Risk
Nữ,2006 - 2008,Học sinh THPT,"Tự do, không cố định lịch trình","Chủ yếu để giải trí (mạng xã hội, game, xem phim)",4,3,4,3,3,3,3,1,3,0,0,0,0,1,1,5,5,5,1.0,1.0,1.0,1.0,1.0,1.0,1.0,1.0,1.0,1.0,1.0,1.0,0.3685663326269919,0.3280785861790202,0.1874679542225809,0.1158871269714066,0.9999999999999996,High Risk
Nữ,2006 - 2008,Sinh viên đại học / cao đẳng (năm 1-2),Hoàn toàn trực tiếp (đến trường / văn phòng ≥ 4 ngày/tuần),Cân bằng cả học lẫn giải trí,2,2,3,3,0,2,1,6,1,2,2,1,3,7,7,4,4,3,0.5,0.5,0.3333333333333333,1.0,0.75,0.3703703703703704,0.33333333333333337,0.6666666666666667,0.25,0.3333333333333335,0.75,0.5,0.26874083815110844,0.2013966850742257,0.07646655940449024,0.03154577543575718,0.5781498580655816,Low Risk
Nữ,2006 - 2008,Sinh viên đại học / cao đẳng (năm 1-2),Hoàn toàn trực tiếp (đến trường / văn phòng ≥ 4 ngày/tuần),Cân bằng cả học lẫn giải trí,3,2,3,3,3,3,3,6,3,2,3,2,1,6,7,4,4,4,0.75,0.8333333333333333,1.0,1.0,0.75,0.5925925925925926,0.0,0.33333333333333337,0.75,0.4444444444444444,0.75,0.75,0.27642474947024387,0.2896597388081331,0.06293091998464048,0.07747736835456802,0.7064927766175855,High Risk
Nữ,2000 - 2002,Freelancer / tự kinh doanh,"Kết hợp hybrid (2-3 ngày trực tiếp, còn lại online/remote)",Cân bằng cả học lẫn giải trí,3,2,3,3,0,2,1,1,3,1,0,1,3,7,6,3,5,5,0.75,0.5,0.3333333333333333,1.0,0.75,0.888888888888889,1.0,0.6666666666666667,0.25,0.3333333333333335,0.75,1.0,0.28410866078937935,0.23442955680135535,0.16696355573837177,0.03154577543575718,0.7170475487648637,High Risk
Nam,2006 - 2008,Sinh viên đại học / cao đẳng (năm 3-4+),Hoàn toàn trực tiếp (đến trường / văn phòng ≥ 4 ngày/tuần),"Chủ yếu để giải trí (mạng xã hội, game, xem phim)",2,2,3,2,1,1,1,8,1,3,3,0,1,5,5,4,3,3,0.5,0.5,0.3333333333333333,0.6666666666666666,0.75,0.1851851851851852,0.0,1.0,0.75,0.5555555555555556,0.625,0.5,0.24235536424121892,0.16908205196453813,0.0484588811448023,0.08090935994510873,0.5408056572956681,Low Risk
Nam,2003 - 2005,Sinh viên đại học / cao đẳng (năm 3-4+),"Kết hợp hybrid (2-3 ngày trực tiếp, còn lại online/remote)",Cân bằng cả học lẫn giải trí,4,0,1,2,0,1,3,3,1,3,2,1,2,5,4,3,4,2,1.0,0.5,0.16666666666666666,0.6666666666666666,0.25,0.3703703703703704,0.33333333333333337,0.6666666666666667,0.5,0.5555555555555556,0.625,0.25,0.17129800488641664,0.22403323773898165,0.07646655940449024,0.05965955928097365,0.5314573613108622,Low Risk
Nữ,2006 - 2008,Sinh viên đại học / cao đẳng (năm 1-2),"Tự do, không cố định lịch trình",Cân bằng cả học lẫn giải trí,1,1,1,3,0,0,0,7,1,1,1,2,4,3,4,4,5,5,0.25,0.16666666666666666,0.0,1.0,0.25,0.4444444444444445,0.6666666666666667,0.33333333333333337,0.0,0.7777777777777778,0.875,1.0,0.24712068666360207,0.13536274669994974,0.09468350193330938,0.0240239411337849,0.5011908764306461,Low Risk
Nữ,2006 - 2008,Sinh viên đại học / cao đẳng (năm 1-2),"Kết hợp hybrid (2-3 ngày trực tiếp, còn lại online/remote)",Cân bằng cả học lẫn giải trí,4,3,0,3,2,3,2,5,3,2,1,1,1,4,4,3,4,1,1.0,0.8333333333333333,0.8333333333333333,1.0,0.0,0.6296296296296297,0.6666666666666667,0.6666666666666667,0.75,0.6666666666666667,0.625,0.0,0.13192736954944775,0.31157805285544704,0.121715057571431,0.08434135153564942,0.6495618315119751,Medium Risk
Nam,2006 - 2008,Sinh viên đại học / cao đẳng (năm 3-4+),Hoàn toàn trực tiếp (đến trường / văn phòng ≥ 4 ngày/tuần),Cân bằng cả học lẫn giải trí,4,3,4,3,0,0,1,7,3,0,2,2,4,9,7,3,5,4,1.0,0.6666666666666666,0.0,1.0,1.0,0.7777777777777778,0.33333333333333337,0.33333333333333337,0.0,0.11111111111111116,0.75,0.75,0.3081114734880773,0.25061928881261086,0.10165226099766873,0.0034319915905407015,0.6638150148888977,Medium Risk
Nam,2006 - 2008,Sinh viên đại học / cao đẳng (năm 3-4+),Hoàn toàn trực tiếp (đến trường / văn phòng ≥ 4 ngày/tuần),Cân bằng cả học lẫn giải trí,4,3,3,3,1,2,0,4,1,2,3,3,2,6,7,3,4,4,1.0,0.5,0.5,1.0,0.75,0.4444444444444445,0.0,0.0,0.5,0.4444444444444444,0.625,0.75,0.2500392755603544,0.27857698620830074,0.03916294292347511,0.05622756769043295,0.6240067723825632,Medium Risk
Nữ,2006 - 2008,Sinh viên đại học / cao đẳng (năm 1-2),Hoàn toàn trực tiếp (đến trường / văn phòng ≥ 4 ngày/tuần),Cân bằng cả học lẫn giải trí,1,2,2,3,1,1,0,5,1,2,1,2,2,8,6,3,4,4,0.25,0.3333333333333333,0.3333333333333333,1.0,0.5,0.40740740740740744,0.6666666666666667,0.33333333333333337,0.5,0.22222222222222232,0.625,0.75,0.21835255154252092,0.16297783770333862,0.09141992335635311,0.049363584509351556,0.5221138971115642,Low Risk
Nữ,2006 - 2008,Sinh viên đại học / cao đẳng (năm 1-2),Hoàn toàn trực tiếp (đến trường / văn phòng ≥ 4 ngày/tuần),Cân bằng cả học lẫn giải trí,2,1,1,3,0,1,0,4,0,3,2,2,3,8,4,4,5,5,0.5,0.16666666666666666,0.16666666666666666,1.0,0.25,0.22222222222222224,0.33333333333333337,0.33333333333333337,0.25,0.22222222222222232,0.875,1.0,0.24712068666360207,0.17951017610689513,0.052698582343324855,0.02811378384521648,0.5074432289590386,Low Risk
Nữ,2006 - 2008,Sinh viên đại học / cao đẳng (năm 1-2),Hoàn toàn trực tiếp (đến trường / văn phòng ≥ 4 ngày/tuần),Cân bằng cả học lẫn giải trí,1,1,1,3,1,2,3,8,1,2,3,2,2,10,8,4,5,4,0.25,0.6666666666666666,0.5,1.0,0.25,0.29629629629629634,0.0,0.33333333333333337,0.5,0.0,0.875,0.75,0.2394367753444666,0.1848643466706692,0.03682229136899041,0.04249960132827015,0.5036230147123963,Low Risk
Nữ,2006 - 2008,Sinh viên đại học / cao đẳng (năm 3-4+),"Tự do, không cố định lịch trình",Cân bằng cả học lẫn giải trí,3,2,4,3,1,0,0,5,1,2,1,1,1,6,5,2,4,3,0.75,0.3333333333333333,0.16666666666666666,1.0,1.0,0.40740740740740744,0.6666666666666667,0.6666666666666667,0.75,0.4444444444444444,0.5,0.5,0.2476566143491628,0.21792902347778217,0.10213358610969345,0.07747736835456802,0.6451965922912064,Medium Risk
Nữ,2006 - 2008,Sinh viên đại học / cao đẳng (năm 1-2),Hoàn toàn trực tiếp (đến trường / văn phòng ≥ 4 ngày/tuần),Cân bằng cả học lẫn giải trí,3,3,0,3,2,1,1,5,0,3,0,1,1,8,4,2,3,1,0.75,0.6666666666666666,0.5,1.0,0.0,0.1851851851851852,1.0,0.6666666666666667,0.75,0.22222222222222232,0.375,0.0,0.07915642172966865,0.25093009012492845,0.10495556277620285,0.07061338517348663,0.5056554598042865,Low Risk
Nữ,2006 - 2008,Sinh viên đại học / cao đẳng (năm 1-2),Hoàn toàn trực tiếp (đến trường / văn phòng ≥ 4 ngày/tuần),Cân bằng cả học lẫn giải trí,1,2,3,3,0,2,0,7,0,2,3,3,1,8,7,4,3,2,0.25,0.3333333333333333,0.3333333333333333,1.0,0.75,0.2222222222222223,0.0,0.0,0.75,0.22222222222222232,0.625,0.25,0.23467145292208347,0.16297783770333862,0.01958147146173756,0.07061338517348663,0.4878441472606463,Low Risk
Nữ,2006 - 2008,Sinh viên đại học / cao đẳng (năm 3-4+),Hoàn toàn trực tiếp (đến trường / văn phòng ≥ 4 ngày/tuần),Cân bằng cả học lẫn giải trí,4,1,2,2,2,1,1,6,2,3,3,2,2,7,7,4,5,5,1.0,0.3333333333333333,0.5,0.6666666666666666,0.5,0.3703703703703704,0.0,0.33333333333333337,0.5,0.3333333333333335,0.875,1.0,0.2788074106814355,0.24087637745485574,0.04334944852290293,0.05279557609989226,0.6158288127590864,Medium Risk
Nữ,2006 - 2008,Sinh viên đại học / cao đẳng (năm 3-4+),Hoàn toàn trực tiếp (đến trường / văn phòng ≥ 4 ngày/tuần),Cân bằng cả học lẫn giải trí,1,2,3,3,0,1,1,8,1,1,2,1,3,8,7,3,4,2,0.25,0.5,0.16666666666666666,1.0,0.75,0.40740740740740744,0.33333333333333337,0.6666666666666667,0.25,0.22222222222222232,0.625,0.25,0.23467145292208347,0.15724925566728032,0.07973013798144649,0.02811378384521648,0.4997646304160267,Low Risk
Nữ,2006 - 2008,Sinh viên đại học / cao đẳng (năm 1-2),Hoàn toàn trực tiếp (đến trường / văn phòng ≥ 4 ngày/tuần),"Chủ yếu để giải trí (mạng xã hội, game, xem phim)",1,1,2,3,1,1,1,6,1,2,3,2,2,8,7,5,3,4,0.25,0.3333333333333333,0.3333333333333333,1.0,0.5,0.3703703703703704,0.0,0.33333333333333337,0.5,0.22222222222222232,0.75,0.75,0.24473802545241047,0.16297783770333862,0.04334944852290293,0.049363584509351556,0.5004288961880036,Low Risk
Nữ,2006 - 2008,Sinh viên đại học / cao đẳng (năm 3-4+),Hoàn toàn trực tiếp (đến trường / văn phòng ≥ 4 ngày/tuần),Cân bằng cả học lẫn giải trí,3,2,2,3,1,1,1,7,1,1,0,1,3,3,7,4,5,3,0.75,0.5,0.3333333333333333,1.0,0.5,0.4444444444444445,1.0,0.6666666666666667,0.25,0.7777777777777778,0.875,0.5,0.2634395880431646,0.23442955680135535,0.12780061281489669,0.04527374179791997,0.6709434994573366,Medium Risk
Nữ,2006 - 2008,Sinh viên đại học / cao đẳng (năm 3-4+),Hoàn toàn trực tiếp (đến trường / văn phòng ≥ 4 ngày/tuần),Cân bằng cả học lẫn giải trí,4,3,4,3,3,3,2,9,2,2,2,2,4,3,4,4,4,4,1.0,0.8333333333333333,1.0,1.0,1.0,0.3703703703703704,0.33333333333333337,0.33333333333333337,0.0,0.7777777777777778,0.75,0.75,0.3081114734880773,0.32269261053526277,0.0657528966511499,0.0240239411337849,0.7205809218082749,High Risk
Nữ,2006 - 2008,Sinh viên đại học / cao đẳng (năm 1-2),Hoàn toàn trực tiếp (đến trường / văn phòng ≥ 4 ngày/tuần),Cân bằng cả học lẫn giải trí,3,1,3,1,1,1,2,6,1,2,2,2,3,7,7,4,4,4,0.75,0.5,0.3333333333333333,0.3333333333333333,0.75,0.3703703703703704,0.33333333333333337,0.33333333333333337,0.25,0.3333333333333335,0.75,0.75,0.27642474947024387,0.1698002905819802,0.0657528966511499,0.03154577543575718,0.5435237121391312,Low Risk
Nữ,2006 - 2008,Sinh viên đại học / cao đẳng (năm 1-2),Hoàn toàn trực tiếp (đến trường / văn phòng ≥ 4 ngày/tuần),"Chủ yếu để học (LMS, tài liệu, nghiên cứu)",4,3,2,3,1,0,0,6,1,1,0,3,1,5,6,4,5,5,1.0,0.5,0.16666666666666666,1.0,0.5,0.48148148148148145,1.0,0.0,0.75,0.5555555555555556,0.875,1.0,0.2788074106814355,0.2563478708486692,0.10963686588517227,0.08090935994510873,0.7257015073603857,High Risk
Nam,2006 - 2008,Sinh viên đại học / cao đẳng (năm 3-4+),"Kết hợp hybrid (2-3 ngày trực tiếp, còn lại online/remote)",Cân bằng cả học lẫn giải trí,3,1,2,3,0,1,2,6,0,1,2,2,2,8,7,2,3,3,0.75,0.5,0.16666666666666666,1.0,0.5,0.3703703703703704,0.33333333333333337,0.33333333333333337,0.5,0.22222222222222232,0.375,0.5,0.1578976924036064,0.22331499912153957,0.0657528966511499,0.049363584509351556,0.49632917268564747,Low Risk
Nữ,2006 - 2008,Sinh viên đại học / cao đẳng (năm 1-2),Hoàn toàn trực tiếp (đến trường / văn phòng ≥ 4 ngày/tuần),Cân bằng cả học lẫn giải trí,3,1,3,3,2,3,3,5,2,2,2,2,1,7,8,5,5,3,0.75,0.6666666666666666,0.8333333333333333,1.0,0.75,0.5185185185185186,0.33333333333333337,0.33333333333333337,0.75,0.3333333333333335,1.0,0.5,0.32151178597088753,0.27315920548455996,0.07880721095897493,0.07404537676402732,0.7475235791784498,High Risk
Nữ,2006 - 2008,Sinh viên đại học / cao đẳng (năm 1-2),Hoàn toàn trực tiếp (đến trường / văn phòng ≥ 4 ngày/tuần),"Chủ yếu để học (LMS, tài liệu, nghiên cứu)",3,2,3,3,2,2,1,10,3,3,3,3,2,8,8,4,4,3,0.75,0.5,0.6666666666666666,1.0,0.75,0.3333333333333333,0.0,0.0,0.5,0.22222222222222232,0.75,0.5,0.26874083815110844,0.2566586721609868,0.02937220719260633,0.049363584509351556,0.6041353020140531,Low Risk
Nữ,2006 - 2008,Sinh viên đại học / cao đẳng (năm 1-2),Hoàn toàn trực tiếp (đến trường / văn phòng ≥ 4 ngày/tuần),"Chủ yếu để học (LMS, tài liệu, nghiên cứu)",3,3,4,3,3,2,3,5,1,1,1,2,1,6,7,3,4,5,0.75,1.0,0.8333333333333333,1.0,1.0,0.5185185185185185,0.6666666666666667,0.33333333333333337,0.75,0.4444444444444444,0.625,1.0,0.28940991089732326,0.2839311567720748,0.10121065908722189,0.07747736835456802,0.752029095111188,High Risk
Nữ,2003 - 2005,Sinh viên đại học / cao đẳng (năm 3-4+),Hoàn toàn trực tiếp (đến trường / văn phòng ≥ 4 ngày/tuần),Cân bằng cả học lẫn giải trí,3,2,4,3,2,2,2,7,3,2,2,1,2,6,5,5,4,4,0.75,0.6666666666666666,0.6666666666666666,1.0,1.0,0.5555555555555557,0.33333333333333337,0.6666666666666667,0.5,0.4444444444444444,0.875,0.75,0.33449694739796687,0.26204464780474424,0.09278445228927154,0.05622756769043295,0.7455536151824156,High Risk
Nam,2006 - 2008,Sinh viên đại học / cao đẳng (năm 3-4+),Hoàn toàn trực tiếp (đến trường / văn phòng ≥ 4 ngày/tuần),"Chủ yếu để giải trí (mạng xã hội, game, xem phim)",0,1,2,3,2,0,1,7,2,1,1,2,3,7,7,3,3,2,0.0,0.3333333333333333,0.3333333333333333,1.0,0.5,0.5555555555555556,0.6666666666666667,0.33333333333333337,0.25,0.3333333333333335,0.5,0.25,0.1765992549943605,0.129944965976209,0.10447423766417815,0.03154577543575718,0.4425642340705048,Low Risk
Nam,2009 - 2012,Vừa học vừa đi làm / thực tập,"Kết hợp hybrid (2-3 ngày trực tiếp, còn lại online/remote)","Chủ yếu để học (LMS, tài liệu, nghiên cứu)",1,2,3,0,0,2,3,8,2,1,1,3,4,3,2,1,5,5,0.25,0.8333333333333333,0.3333333333333333,0.0,0.75,0.5185185185185186,0.6666666666666667,0.0,0.0,0.7777777777777778,0.5,1.0,0.23133771296960023,0.08219186530554815,0.09049699633388157,0.0240239411337849,0.4280505157428149,Low Risk
Nữ,2006 - 2008,Vừa học vừa đi làm / thực tập,"Tự do, không cố định lịch trình",Chủ yếu giao tiếp nhóm và làm việc cộng tác,3,3,1,2,0,1,3,4,3,2,1,3,1,4,1,1,1,5,0.75,1.0,0.16666666666666666,0.6666666666666666,0.25,0.6666666666666666,0.6666666666666667,0.0,0.75,0.6666666666666667,0.0,1.0,0.062422369294375224,0.2071582929431242,0.1035513106417066,0.08434135153564942,0.45747332441485544,Low Risk
Nam,2000 - 2002,Đã đi làm toàn thời gian,Hoàn toàn trực tiếp (đến trường / văn phòng ≥ 4 ngày/tuần),Cân bằng cả học lẫn giải trí,3,0,4,3,3,3,0,1,3,2,2,3,4,1,8,1,3,5,0.75,0.0,1.0,1.0,1.0,0.7777777777777778,0.33333333333333337,0.0,0.0,1.0,0.25,1.0,0.21025348916765457,0.2627298605893461,0.0909385982443284,0.0308879243148663,0.5948098723161954,Low Risk
Nam,2009 - 2012,Đã đi làm toàn thời gian,Hoàn toàn trực tiếp (đến trường / văn phòng ≥ 4 ngày/tuần),Cân bằng cả học lẫn giải trí,3,0,0,0,1,0,2,5,0,2,2,3,3,2,6,2,5,3,0.75,0.3333333333333333,0.16666666666666666,0.0,0.0,0.29629629629629634,0.33333333333333337,0.0,0.25,0.8888888888888888,0.625,0.5,0.14729519218771867,0.1209851241487195,0.04851207674389704,0.048705733388460674,0.3654981264687959,Low Risk
Nữ,1997 - 1999,Khác,"Tự do, không cố định lịch trình",Cân bằng cả học lẫn giải trí,1,3,4,0,2,3,3,6,1,2,0,2,0,4,8,3,3,2,0.25,1.0,0.8333333333333333,0.0,1.0,0.3703703703703704,1.0,0.33333333333333337,1.0,0.6666666666666667,0.5,0.25,0.23997270303002735,0.12092151398875278,0.11055979290764383,0.1055911521997845,0.5770451621262085,Low Risk
Nữ,1997 - 1999,Sinh viên đại học / cao đẳng (năm 1-2),Hoàn toàn trực tiếp (đến trường / văn phòng ≥ 4 ngày/tuần),"Chủ yếu để giải trí (mạng xã hội, game, xem phim)",2,3,2,2,0,0,1,4,2,2,3,3,0,4,9,5,3,4,0.5,0.6666666666666666,0.0,0.6666666666666666,0.5,0.5555555555555557,0.0,0.0,1.0,0.6666666666666667,0.75,0.75,0.24473802545241047,0.152238912248664,0.0489536786543439,0.1055911521997845,0.5515217685552029,Low Risk
Nam,2009 - 2012,Sinh viên đại học / cao đẳng (năm 1-2),Hoàn toàn trực tiếp (đến trường / văn phòng ≥ 4 ngày/tuần),"Chủ yếu để giải trí (mạng xã hội, game, xem phim)",4,0,0,3,0,1,3,4,1,0,2,1,1,10,6,5,2,3,1.0,0.5,0.16666666666666666,1.0,0.0,0.6666666666666666,0.33333333333333337,0.6666666666666667,0.75,0.0,0.625,0.5,0.14729519218771867,0.2563478708486692,0.10257518802014029,0.06374940199240522,0.5699676530489334,Low Risk
Nữ,2006 - 2008,Vừa học vừa đi làm / thực tập,"Kết hợp hybrid (2-3 ngày trực tiếp, còn lại online/remote)","Chủ yếu để giải trí (mạng xã hội, game, xem phim)",2,3,3,3,1,0,1,7,1,2,2,3,1,7,5,1,1,5,0.5,0.6666666666666666,0.16666666666666666,1.0,0.75,0.3333333333333333,0.33333333333333337,0.0,0.75,0.3333333333333335,0.0,1.0,0.12579581733004205,0.19566810303816734,0.0517756553208533,0.07404537676402732,0.44728495245309,Low Risk
Nữ,2000 - 2002,Khác,"Kết hợp hybrid (2-3 ngày trực tiếp, còn lại online/remote)",Cân bằng cả học lẫn giải trí,0,1,2,3,0,3,0,9,2,0,3,3,2,6,7,5,5,1,0.0,0.16666666666666666,0.5,1.0,0.5,0.5925925925925926,0.0,0.0,0.5,0.4444444444444444,1.0,0.0,0.2744572393147832,0.13567354801226733,0.05221725723130014,0.05622756769043295,0.5185756122487837,Low Risk
Nam,2006 - 2008,Sinh viên đại học / cao đẳng (năm 1-2),"Kết hợp hybrid (2-3 ngày trực tiếp, còn lại online/remote)",Cân bằng cả học lẫn giải trí,3,3,4,1,1,3,3,8,0,3,2,3,3,5,5,3,4,4,0.75,1.0,0.6666666666666666,0.3333333333333333,1.0,0.07407407407407411,0.33333333333333337,0.0,0.25,0.5555555555555556,0.625,0.75,0.2817259995781878,0.20818733287288388,0.02893060528215949,0.038409758616838575,0.5572536963500697,Low Risk
Nữ,2000 - 2002,Khác,Hoàn toàn online / remote,"Chủ yếu để giải trí (mạng xã hội, game, xem phim)",3,1,3,0,0,2,2,9,2,1,0,1,0,8,5,5,5,2,0.75,0.5,0.3333333333333333,0.0,0.75,0.48148148148148157,1.0,0.6666666666666667,1.0,0.22222222222222232,1.0,0.25,0.31382787465175205,0.13748565747229263,0.13106419139185294,0.09186318583762171,0.6742409093535193,Medium Risk
Nam,2009 - 2012,Khác,"Kết hợp hybrid (2-3 ngày trực tiếp, còn lại online/remote)",Cân bằng cả học lẫn giải trí,1,0,4,0,0,0,0,1,3,2,3,1,1,3,3,5,4,1,0.25,0.0,0.0,0.0,1.0,0.7777777777777778,0.0,0.6666666666666667,0.75,0.7777777777777778,0.875,0.0,0.31144521344056053,0.03303287172712965,0.0899624756227621,0.08777334312619012,0.5222139039166425,Low Risk
Nữ,2000 - 2002,Đã đi làm toàn thời gian,Hoàn toàn trực tiếp (đến trường / văn phòng ≥ 4 ngày/tuần),"Chủ yếu để học (LMS, tài liệu, nghiên cứu)",3,1,2,1,2,3,3,6,1,3,3,2,4,3,4,3,5,3,0.75,0.6666666666666666,0.8333333333333333,0.3333333333333333,0.5,0.25925925925925924,0.0,0.33333333333333337,0.0,0.7777777777777778,0.75,0.5,0.23705411413327504,0.20852993926518484,0.033558712792034144,0.0240239411337849,0.5031667073242789,Low Risk
Nam,1997 - 1999,Vừa học vừa đi làm / thực tập,Hoàn toàn trực tiếp (đến trường / văn phòng ≥ 4 ngày/tuần),"Chủ yếu để học (LMS, tài liệu, nghiên cứu)",2,1,2,3,2,1,1,8,3,3,2,2,0,4,10,4,4,2,0.5,0.3333333333333333,0.5,1.0,0.5,0.40740740740740744,0.33333333333333337,0.33333333333333337,1.0,0.6666666666666667,0.75,0.25,0.22937020281413958,0.207125267110284,0.06901647522810615,0.1055911521997845,0.6111030973523143,Low Risk
Nữ,2009 - 2012,Freelancer / tự kinh doanh,Hoàn toàn trực tiếp (đến trường / văn phòng ≥ 4 ngày/tuần),"Chủ yếu để học (LMS, tài liệu, nghiên cứu)",2,0,3,3,1,3,1,3,2,1,1,0,3,5,2,1,4,2,0.5,0.16666666666666666,0.6666666666666666,1.0,0.75,0.7037037037037037,0.6666666666666667,1.0,0.25,0.5555555555555556,0.375,0.25,0.18190050510230435,0.21285384914634237,0.13895587747868388,0.038409758616838575,0.5721199903441692,Low Risk
Nam,2006 - 2008,Sinh viên đại học / cao đẳng (năm 1-2),Hoàn toàn online / remote,Cân bằng cả học lẫn giải trí,1,3,2,1,0,0,0,3,1,2,1,1,3,9,10,3,5,1,0.25,0.5,0.0,0.3333333333333333,0.5,0.48148148148148157,0.6666666666666667,0.6666666666666667,0.25,0.11111111111111116,0.75,0.0,0.22168629149500413,0.0815054317680894,0.10866074326360597,0.024681792254675778,0.43653425878137525,Low Risk
Nữ,2009 - 2012,Học sinh THPT,Hoàn toàn online / remote,"Chủ yếu để giải trí (mạng xã hội, game, xem phim)",1,1,4,1,0,3,1,10,1,0,2,0,3,10,9,4,3,1,0.25,0.3333333333333333,0.5,0.3333333333333333,1.0,0.4444444444444444,0.33333333333333337,1.0,0.25,0.0,0.625,0.0,0.25867426562078144,0.10946312916377925,0.09370737931174308,0.021249800664135076,0.4830945747604388,Low Risk
Nữ,2009 - 2012,Đã đi làm toàn thời gian,Hoàn toàn online / remote,Cân bằng cả học lẫn giải trí,1,2,1,3,2,0,2,10,3,3,0,1,2,2,6,2,3,3,0.25,0.6666666666666666,0.3333333333333333,1.0,0.25,0.3333333333333333,1.0,0.6666666666666667,0.5,0.8888888888888888,0.375,0.5,0.12621096838577298,0.17374978899085344,0.1180098770840279,0.06995553405259575,0.48792616851325005,Low Risk
Nữ,2009 - 2012,Sinh viên đại học / cao đẳng (năm 3-4+),"Kết hợp hybrid (2-3 ngày trực tiếp, còn lại online/remote)",Cân bằng cả học lẫn giải trí,1,3,1,3,0,3,1,10,3,1,2,1,0,9,10,3,5,3,0.25,0.6666666666666666,0.5,1.0,0.25,0.5555555555555556,0.33333333333333337,0.6666666666666667,1.0,0.11111111111111116,0.75,0.5,0.20536739011544164,0.1848643466706692,0.09278445228927151,0.088431194247081,0.5714473833224634,Low Risk
Nam,2000 - 2002,Khác,Hoàn toàn online / remote,Cân bằng cả học lẫn giải trí,0,2,2,2,0,1,0,9,1,1,0,1,0,3,2,3,1,4,0.0,0.3333333333333333,0.16666666666666666,0.6666666666666666,0.5,0.3703703703703704,1.0,0.6666666666666667,1.0,0.7777777777777778,0.25,0.75,0.1391961298128523,0.08651577518670568,0.12127345566098416,0.10902314379032521,0.45600850445086727,Low Risk
Nữ,2003 - 2005,Sinh viên đại học / cao đẳng (năm 1-2),Hoàn toàn online / remote,Cân bằng cả học lẫn giải trí,0,0,1,1,0,1,1,3,1,1,1,1,1,3,4,4,4,5,0.0,0.16666666666666666,0.16666666666666666,0.3333333333333333,0.25,0.5925925925925927,0.6666666666666667,0.6666666666666667,0.75,0.7777777777777778,0.75,1.0,0.22073521275371252,0.04881516643326071,0.11845147899447475,0.08777334312619012,0.47577520130763806,Low Risk
Nam,2000 - 2002,Học sinh THPT,"Kết hợp hybrid (2-3 ngày trực tiếp, còn lại online/remote)","Chủ yếu để giải trí (mạng xã hội, game, xem phim)",3,1,3,1,3,2,0,7,1,1,2,2,0,7,7,4,3,1,0.75,0.16666666666666666,0.8333333333333333,0.3333333333333333,0.75,0.4444444444444445,0.33333333333333337,0.33333333333333337,1.0,0.3333333333333335,0.625,0.0,0.226987541602948,0.19237201233391263,0.07228005380506242,0.0952951774281624,0.5869347851700855,Low Risk
Nữ,2009 - 2012,Sinh viên đại học / cao đẳng (năm 3-4+),Hoàn toàn online / remote,Cân bằng cả học lẫn giải trí,3,2,4,3,1,3,3,1,3,3,2,3,1,8,3,2,5,1,0.75,0.8333333333333333,0.6666666666666666,1.0,1.0,0.6666666666666666,0.33333333333333337,0.0,0.75,0.22222222222222232,0.625,0.0,0.25867426562078144,0.2674306234485016,0.08114786251345962,0.07061338517348663,0.6778661367562292,Medium Risk
Nam,2009 - 2012,Freelancer / tự kinh doanh,Hoàn toàn trực tiếp (đến trường / văn phòng ≥ 4 ngày/tuần),Cân bằng cả học lẫn giải trí,3,2,2,2,0,1,1,8,3,0,2,0,2,8,10,3,3,5,0.75,0.5,0.16666666666666666,0.6666666666666666,0.5,0.7407407407407408,0.33333333333333337,1.0,0.5,0.22222222222222232,0.5,1.0,0.19965098895176683,0.191000366011852,0.11981600792739315,0.049363584509351556,0.5598309474003634,Low Risk
Nam,2003 - 2005,Sinh viên đại học / cao đẳng (năm 1-2),Hoàn toàn online / remote,"Chủ yếu để học (LMS, tài liệu, nghiên cứu)",3,1,1,3,1,2,1,1,3,0,1,3,2,6,10,3,5,1,0.75,0.3333333333333333,0.5,1.0,0.25,1.0,0.6666666666666667,0.0,0.5,0.4444444444444444,0.75,0.0,0.18999956747717073,0.24015813883741366,0.13292351783431294,0.05622756769043295,0.6193087918393303,Medium Risk
Nữ,2006 - 2008,Freelancer / tự kinh doanh,Hoàn toàn trực tiếp (đến trường / văn phòng ≥ 4 ngày/tuần),"Chủ yếu để học (LMS, tài liệu, nghiên cứu)",0,2,3,2,0,2,0,4,0,0,2,2,4,7,5,4,5,3,0.0,0.3333333333333333,0.3333333333333333,0.6666666666666666,0.75,0.5555555555555556,0.33333333333333337,0.33333333333333337,0.0,0.3333333333333335,0.875,0.5,0.295126312060998,0.09763033286652142,0.08207078953593118,0.010295974771622104,0.48512340923507263,Low Risk
Nam,2009 - 2012,Freelancer / tự kinh doanh,Hoàn toàn online / remote,Cân bằng cả học lẫn giải trí,3,2,4,2,0,2,2,8,2,0,0,3,1,3,8,3,2,2,0.75,0.6666666666666666,0.3333333333333333,0.6666666666666666,1.0,0.6296296296296297,1.0,0.0,0.75,0.7777777777777778,0.375,0.25,0.2135872291201378,0.20750089933542518,0.1226911801929973,0.08777334312619012,0.6315526517747504,Medium Risk
Nữ,1997 - 1999,Vừa học vừa đi làm / thực tập,Hoàn toàn online / remote,"Chủ yếu để giải trí (mạng xã hội, game, xem phim)",4,3,3,2,0,3,0,1,3,0,3,2,4,10,3,3,3,5,1.0,0.5,0.5,0.6666666666666666,0.75,1.0,0.0,0.33333333333333337,0.0,0.0,0.5,1.0,0.23133771296960023,0.24626235309861316,0.09883028433115933,0.0,0.5764303503993727,Low Risk
Nam,1997 - 1999,Học sinh THPT,Hoàn toàn online / remote,"Chủ yếu để học (LMS, tài liệu, nghiên cứu)",3,0,0,2,3,0,2,4,2,0,2,3,0,10,10,2,2,3,0.75,0.3333333333333333,0.5,0.6666666666666666,0.0,0.7777777777777778,0.33333333333333337,0.0,1.0,0.0,0.25,0.5,0.06813877045805,0.20784350572772609,0.0909385982443284,0.0849992026565403,0.4519200770866448,Low Risk
Nữ,2006 - 2008,Freelancer / tự kinh doanh,Hoàn toàn online / remote,"Chủ yếu để học (LMS, tài liệu, nghiên cứu)",4,1,4,3,1,2,1,3,2,3,3,0,1,10,2,1,1,5,1.0,0.3333333333333333,0.5,1.0,1.0,0.48148148148148145,0.0,1.0,0.75,0.0,0.0,1.0,0.15748254134787548,0.2731910105645433,0.07456750976045237,0.06374940199240522,0.5689904636652764,Low Risk
Nam,2003 - 2005,Học sinh THPT,Hoàn toàn online / remote,"Chủ yếu để học (LMS, tài liệu, nghiên cứu)",3,1,4,3,0,3,2,9,2,1,1,3,1,7,2,1,4,3,0.75,0.5,0.5,1.0,1.0,0.48148148148148157,0.6666666666666667,0.0,0.75,0.3333333333333335,0.375,0.5,0.22127114043927326,0.24554411448117108,0.08723341775692531,0.07404537676402732,0.628094049441397,Medium Risk
Nữ,2009 - 2012,Vừa học vừa đi làm / thực tập,"Kết hợp hybrid (2-3 ngày trực tiếp, còn lại online/remote)",Cân bằng cả học lẫn giải trí,3,3,0,1,0,3,2,3,3,3,0,0,3,5,2,4,4,4,0.75,0.8333333333333333,0.5,0.3333333333333333,0.0,0.5925925925925926,1.0,1.0,0.25,0.5555555555555556,0.75,0.75,0.18136457741674364,0.19168679954931073,0.15156858987606203,0.038409758616838575,0.563029725458955,Low Risk
Nữ,2003 - 2005,Sinh viên đại học / cao đẳng (năm 1-2),Hoàn toàn online / remote,Cân bằng cả học lẫn giải trí,3,1,3,2,3,1,0,5,3,0,3,0,2,7,8,5,2,3,0.75,0.16666666666666666,0.6666666666666666,0.6666666666666666,0.75,0.8518518518518517,0.0,1.0,0.5,0.3333333333333335,0.625,0.5,0.24235536424121892,0.21357208776378445,0.10720329553001495,0.05279557609989226,0.6159263236349106,Medium Risk
Nam,2006 - 2008,Freelancer / tự kinh doanh,"Kết hợp hybrid (2-3 ngày trực tiếp, còn lại online/remote)","Chủ yếu để giải trí (mạng xã hội, game, xem phim)",4,1,0,2,0,3,1,2,2,2,0,0,1,3,3,2,2,2,1.0,0.3333333333333333,0.5,0.6666666666666666,0.0,0.6296296296296297,1.0,1.0,0.75,0.7777777777777778,0.25,0.25,0.060454859138914546,0.24087637745485574,0.15483216845301828,0.08777334312619012,0.5439367481729787,Low Risk
Nam,1997 - 1999,Sinh viên đại học / cao đẳng (năm 3-4+),"Kết hợp hybrid (2-3 ngày trực tiếp, còn lại online/remote)",Cân bằng cả học lẫn giải trí,0,2,0,2,0,2,1,9,3,1,0,2,0,6,8,1,4,1,0.0,0.5,0.3333333333333333,0.6666666666666666,0.0,0.5925925925925927,1.0,0.33333333333333337,1.0,0.4444444444444444,0.375,0.0,0.07915642172966865,0.10301630851027882,0.1301412643693814,0.0987271690187031,0.41104116362803195,Low Risk
Nam,2003 - 2005,Freelancer / tự kinh doanh,Hoàn toàn trực tiếp (đến trường / văn phòng ≥ 4 ngày/tuần),Cân bằng cả học lẫn giải trí,1,2,3,1,3,2,2,3,0,3,3,2,0,1,2,2,5,4,0.25,0.6666666666666666,0.8333333333333333,0.3333333333333333,0.75,0.25925925925925924,0.0,0.33333333333333337,1.0,1.0,0.625,0.75,0.2500392755603544,0.14246419581092554,0.033558712792034144,0.1158871269714066,0.5419493111347207,Low Risk
Nữ,2006 - 2008,Sinh viên đại học / cao đẳng (năm 3-4+),"Kết hợp hybrid (2-3 ngày trực tiếp, còn lại online/remote)","Chủ yếu để giải trí (mạng xã hội, game, xem phim)",3,2,0,1,2,0,2,2,3,0,3,2,4,5,9,2,1,1,0.75,0.6666666666666666,0.3333333333333333,0.3333333333333333,0.0,0.9629629629629629,0.0,0.33333333333333337,0.0,0.5555555555555556,0.125,0.0,0.02638547390988955,0.1751862662257376,0.09556670575420306,0.0171599579527035,0.31429840384253366,Low Risk
Nữ,1997 - 1999,Sinh viên đại học / cao đẳng (năm 1-2),Hoàn toàn trực tiếp (đến trường / văn phòng ≥ 4 ngày/tuần),"Chủ yếu để học (LMS, tài liệu, nghiên cứu)",2,0,2,1,3,1,2,3,3,3,1,0,2,8,9,4,5,1,0.5,0.3333333333333333,0.6666666666666666,0.3333333333333333,0.5,0.5925925925925926,0.6666666666666667,1.0,0.5,0.22222222222222232,0.875,0.0,0.24807176540489367,0.15361055857072464,0.12916514174781507,0.049363584509351556,0.580211050232785,Low Risk
Nam,2009 - 2012,Học sinh THPT,Hoàn toàn online / remote,"Chủ yếu để học (LMS, tài liệu, nghiên cứu)",1,2,2,1,3,1,3,7,1,3,0,3,0,9,10,2,1,5,0.25,0.8333333333333333,0.6666666666666666,0.3333333333333333,0.5,0.22222222222222224,1.0,0.0,1.0,0.11111111111111116,0.125,1.0,0.12049456722209818,0.1367356137748672,0.08679181584647845,0.088431194247081,0.4324531910905248,Low Risk
Nữ,2003 - 2005,Sinh viên đại học / cao đẳng (năm 1-2),Hoàn toàn trực tiếp (đến trường / văn phòng ≥ 4 ngày/tuần),Cân bằng cả học lẫn giải trí,2,2,3,3,2,1,3,1,3,3,1,2,3,4,4,4,5,2,0.5,0.8333333333333333,0.5,1.0,0.75,0.6666666666666666,0.6666666666666667,0.33333333333333337,0.25,0.6666666666666667,0.875,0.25,0.2874424007418625,0.22328319404155622,0.11426497339504693,0.04184175020737928,0.6668323183858449,Medium Risk
Nữ,2006 - 2008,Sinh viên đại học / cao đẳng (năm 3-4+),"Kết hợp hybrid (2-3 ngày trực tiếp, còn lại online/remote)","Chủ yếu để học (LMS, tài liệu, nghiên cứu)",2,3,4,1,0,0,2,6,2,2,1,0,4,5,4,3,5,1,0.5,0.8333333333333333,0.0,0.3333333333333333,1.0,0.48148148148148157,0.6666666666666667,1.0,0.0,0.5555555555555556,0.75,0.0,0.285059739530671,0.12531025478273386,0.11937440601694631,0.0171599579527035,0.5469043582830546,Low Risk
Nam,2000 - 2002,Freelancer / tự kinh doanh,Hoàn toàn online / remote,Cân bằng cả học lẫn giải trí,2,3,3,3,1,1,0,6,1,3,0,3,3,10,10,1,2,2,0.5,0.5,0.3333333333333333,1.0,0.75,0.25925925925925924,1.0,0.0,0.25,0.0,0.125,0.25,0.12912955728252526,0.2013966850742257,0.09005539442343471,0.021249800664135076,0.44183143744432074,Low Risk
Nữ,1997 - 1999,Đã đi làm toàn thời gian,"Kết hợp hybrid (2-3 ngày trực tiếp, còn lại online/remote)",Cân bằng cả học lẫn giải trí,4,3,3,1,2,1,0,1,3,1,0,2,1,7,3,2,5,4,1.0,0.5,0.5,0.3333333333333333,0.75,0.888888888888889,1.0,0.33333333333333337,0.75,0.3333333333333335,0.625,0.75,0.2500392755603544,0.2139477199889256,0.15624989298503145,0.07404537676402732,0.6942822652983388,Medium Risk
Nam,2006 - 2008,Sinh viên đại học / cao đẳng (năm 1-2),Hoàn toàn trực tiếp (đến trường / văn phòng ≥ 4 ngày/tuần),"Chủ yếu để học (LMS, tài liệu, nghiên cứu)",3,3,1,3,2,3,3,7,1,1,1,3,1,7,10,1,4,3,0.75,1.0,0.8333333333333333,1.0,0.25,0.4444444444444445,0.6666666666666667,0.0,0.75,0.3333333333333335,0.375,0.5,0.12621096838577298,0.2839311567720748,0.08396983917996904,0.07404537676402732,0.5681573411018441,Low Risk
Nam,2003 - 2005,Sinh viên đại học / cao đẳng (năm 3-4+),"Kết hợp hybrid (2-3 ngày trực tiếp, còn lại online/remote)","Chủ yếu để học (LMS, tài liệu, nghiên cứu)",3,2,0,3,1,2,3,2,2,1,1,1,0,8,8,5,5,3,0.75,0.8333333333333333,0.5,1.0,0.0,0.7407407407407408,0.6666666666666667,0.6666666666666667,1.0,0.22222222222222232,1.0,0.5,0.2264516139173873,0.2563160657686859,0.1315057933022998,0.09186318583762171,0.7061366588259947,High Risk
Nam,2000 - 2002,Đã đi làm toàn thời gian,Hoàn toàn online / remote,"Chủ yếu để giải trí (mạng xã hội, game, xem phim)",2,2,4,3,3,2,3,9,2,1,2,1,4,9,8,1,4,4,0.5,0.8333333333333333,0.8333333333333333,1.0,1.0,0.48148148148148157,0.33333333333333337,0.6666666666666667,0.0,0.11111111111111116,0.375,0.75,0.2289550517584087,0.24551230940118773,0.08625729513535901,0.0034319915905407015,0.5641566478854962,Low Risk
Nam,2009 - 2012,Sinh viên đại học / cao đẳng (năm 3-4+),Hoàn toàn online / remote,Cân bằng cả học lẫn giải trí,2,2,2,3,1,2,1,10,2,3,2,2,3,3,3,2,2,4,0.5,0.5,0.5,1.0,0.5,0.2222222222222222,0.33333333333333337,0.33333333333333337,0.25,0.7777777777777778,0.25,0.75,0.1391961298128523,0.21251124275404143,0.052698582343324855,0.04527374179791997,0.44967969670813857,Low Risk
Nữ,2000 - 2002,Sinh viên đại học / cao đẳng (năm 1-2),"Kết hợp hybrid (2-3 ngày trực tiếp, còn lại online/remote)","Chủ yếu để giải trí (mạng xã hội, game, xem phim)",1,3,4,2,0,2,2,6,1,1,2,0,4,10,4,2,5,2,0.25,0.8333333333333333,0.3333333333333333,0.6666666666666666,1.0,0.48148148148148145,0.33333333333333337,1.0,0.0,0.0,0.625,0.25,0.26635817693991687,0.14682113152492327,0.09697095788869933,0.0,0.5101502663535394,Low Risk
Nam,2003 - 2005,Sinh viên đại học / cao đẳng (năm 3-4+),Hoàn toàn online / remote,Cân bằng cả học lẫn giải trí,4,3,4,2,3,3,2,4,0,0,2,3,1,9,6,2,2,4,1.0,0.8333333333333333,1.0,0.6666666666666666,1.0,0.5555555555555556,0.33333333333333337,0.0,0.75,0.11111111111111116,0.25,0.75,0.20256957784851912,0.2903779774255752,0.07135712678259085,0.06718139358294592,0.6314860756396311,Medium Risk
Nữ,2003 - 2005,Freelancer / tự kinh doanh,"Kết hợp hybrid (2-3 ngày trực tiếp, còn lại online/remote)",Cân bằng cả học lẫn giải trí,4,0,0,2,2,3,1,7,0,3,0,0,3,2,8,1,3,2,1.0,0.16666666666666666,0.8333333333333333,0.6666666666666666,0.0,0.11111111111111116,1.0,1.0,0.25,0.8888888888888888,0.25,0.25,0.060454859138914546,0.2577195171707299,0.10914206837563067,0.048705733388460674,0.47602217807373576,Low Risk
Nữ,2003 - 2005,Freelancer / tự kinh doanh,Hoàn toàn online / remote,"Chủ yếu để học (LMS, tài liệu, nghiên cứu)",1,3,3,3,3,3,2,2,0,1,2,1,2,5,2,2,5,3,0.25,0.8333333333333333,1.0,1.0,0.75,0.5185185185185185,0.33333333333333337,0.6666666666666667,0.5,0.5555555555555556,0.625,0.5,0.24235536424121892,0.22359399535387386,0.08952087371231526,0.05965955928097365,0.6151297925883816,Low Risk
Nam,1997 - 1999,Vừa học vừa đi làm / thực tập,Hoàn toàn online / remote,"Chủ yếu để học (LMS, tài liệu, nghiên cứu)",4,0,1,2,3,0,3,8,1,2,1,3,0,6,5,3,2,3,1.0,0.5,0.5,0.6666666666666666,0.25,0.29629629629629634,0.6666666666666667,0.0,1.0,0.4444444444444444,0.375,0.5,0.12621096838577298,0.24626235309861316,0.070915524872144,0.0987271690187031,0.5421160153752334,Low Risk
Nam,1997 - 1999,Vừa học vừa đi làm / thực tập,"Kết hợp hybrid (2-3 ngày trực tiếp, còn lại online/remote)",Cân bằng cả học lẫn giải trí,4,3,0,1,1,0,2,8,1,2,0,0,1,7,1,1,2,2,1.0,0.8333333333333333,0.16666666666666666,0.3333333333333333,0.0,0.29629629629629634,1.0,1.0,0.75,0.3333333333333335,0.125,0.25,0.034069385229025,0.2024905559168089,0.12545996126041198,0.07404537676402732,0.4360652791702732,Low Risk
Nam,2009 - 2012,Đã đi làm toàn thời gian,"Kết hợp hybrid (2-3 ngày trực tiếp, còn lại online/remote)","Chủ yếu để học (LMS, tài liệu, nghiên cứu)",1,0,1,2,2,3,2,7,1,1,3,2,3,2,5,2,2,5,0.25,0.3333333333333333,0.8333333333333333,0.6666666666666666,0.25,0.4444444444444445,0.0,0.33333333333333337,0.25,0.8888888888888888,0.25,1.0,0.11519331711415431,0.1640068776330983,0.04987660567681544,0.048705733388460674,0.37778253381252874,Low Risk
Nam,2009 - 2012,Sinh viên đại học / cao đẳng (năm 1-2),Hoàn toàn trực tiếp (đến trường / văn phòng ≥ 4 ngày/tuần),"Chủ yếu để giải trí (mạng xã hội, game, xem phim)",2,0,4,1,2,3,1,4,3,1,1,3,2,7,5,5,2,1,0.5,0.16666666666666666,0.8333333333333333,0.3333333333333333,1.0,0.7777777777777778,0.6666666666666667,0.0,0.5,0.3333333333333335,0.625,0.0,0.25867426562078144,0.15933914060678298,0.11334204637257538,0.05279557609989226,0.5841510287000321,Low Risk
Nam,2006 - 2008,Sinh viên đại học / cao đẳng (năm 3-4+),"Kết hợp hybrid (2-3 ngày trực tiếp, còn lại online/remote)","Chủ yếu để học (LMS, tài liệu, nghiên cứu)",2,1,4,3,1,0,3,8,2,0,0,3,0,5,7,4,3,3,0.5,0.6666666666666666,0.16666666666666666,1.0,1.0,0.6296296296296297,1.0,0.0,1.0,0.5555555555555556,0.625,0.5,0.27404208825905235,0.19566810303816734,0.1226911801929973,0.10215916060924381,0.6945605320994608,Medium Risk
Nam,2006 - 2008,Sinh viên đại học / cao đẳng (năm 3-4+),Hoàn toàn online / remote,Cân bằng cả học lẫn giải trí,3,0,3,2,0,2,1,9,2,3,1,2,4,4,4,3,1,4,0.75,0.16666666666666666,0.3333333333333333,0.6666666666666666,0.75,0.25925925925925924,0.6666666666666667,0.33333333333333337,0.0,0.6666666666666667,0.25,0.75,0.1708828538306857,0.19134297240415296,0.07836560904852809,0.0205919495432442,0.461183384826611,Low Risk
Nữ,2009 - 2012,Sinh viên đại học / cao đẳng (năm 3-4+),Hoàn toàn trực tiếp (đến trường / văn phòng ≥ 4 ngày/tuần),"Chủ yếu để giải trí (mạng xã hội, game, xem phim)",2,0,3,3,2,2,0,1,3,3,1,0,0,9,2,4,3,2,0.5,0.0,0.6666666666666666,1.0,0.75,0.6666666666666666,0.6666666666666667,1.0,1.0,0.11111111111111116,0.625,0.25,0.23467145292208347,0.20746787350258497,0.1356922989017276,0.088431194247081,0.6662628195734771,Medium Risk
Nam,2003 - 2005,Học sinh THPT,Hoàn toàn online / remote,"Chủ yếu để học (LMS, tài liệu, nghiên cứu)",4,3,2,1,2,0,0,8,1,0,1,1,1,4,5,1,3,3,1.0,0.5,0.3333333333333333,0.3333333333333333,0.5,0.5185185185185185,0.6666666666666667,0.6666666666666667,0.75,0.6666666666666667,0.25,0.5,0.13151221849371686,0.20283316230910986,0.11192432184056222,0.08434135153564942,0.5306110541790383,Low Risk
Nam,2006 - 2008,Vừa học vừa đi làm / thực tập,"Kết hợp hybrid (2-3 ngày trực tiếp, còn lại online/remote)",Cân bằng cả học lẫn giải trí,2,1,4,1,3,2,1,2,1,3,1,3,3,7,4,4,4,5,0.5,0.3333333333333333,0.8333333333333333,0.3333333333333333,1.0,0.4074074074074074,0.6666666666666667,0.0,0.25,0.3333333333333335,0.75,1.0,0.3157953848072128,0.16472511625054037,0.08070626060301278,0.03154577543575718,0.5927725370965232,Low Risk
Nữ,2003 - 2005,Sinh viên đại học / cao đẳng (năm 3-4+),Hoàn toàn trực tiếp (đến trường / văn phòng ≥ 4 ngày/tuần),Cân bằng cả học lẫn giải trí,4,2,3,3,0,0,3,7,2,2,1,3,3,3,5,2,4,2,1.0,0.8333333333333333,0.0,1.0,0.75,0.4444444444444445,0.6666666666666667,0.0,0.25,0.7777777777777778,0.5,0.25,0.2082859790121939,0.2560052644563683,0.08396983917996904,0.04527374179791997,0.5935348244464512,Low Risk
Nữ,2003 - 2005,Học sinh THPT,Hoàn toàn trực tiếp (đến trường / văn phòng ≥ 4 ngày/tuần),"Chủ yếu để học (LMS, tài liệu, nghiên cứu)",3,2,4,2,2,3,2,6,0,2,2,0,1,4,6,2,5,1,0.75,0.6666666666666666,0.8333333333333333,0.6666666666666666,1.0,0.25925925925925924,0.33333333333333337,1.0,0.75,0.6666666666666667,0.625,0.0,0.25867426562078144,0.24084457237487242,0.07738948642696178,0.08434135153564942,0.6612496759582651,Medium Risk
Nam,2003 - 2005,Học sinh THPT,Hoàn toàn online / remote,"Chủ yếu để giải trí (mạng xã hội, game, xem phim)",1,3,3,1,2,1,2,9,0,3,1,0,0,4,2,2,1,1,0.25,0.8333333333333333,0.5,0.3333333333333333,0.75,0.037037037037037056,0.6666666666666667,1.0,1.0,0.6666666666666667,0.125,0.0,0.1214456459633898,0.12562105609505145,0.0802114630934712,0.1055911521997845,0.4328693173516969,Low Risk
Nam,2003 - 2005,Sinh viên đại học / cao đẳng (năm 3-4+),Hoàn toàn trực tiếp (đến trường / văn phòng ≥ 4 ngày/tuần),Cân bằng cả học lẫn giải trí,2,1,1,1,1,3,0,1,1,1,2,3,1,6,6,4,1,5,0.5,0.16666666666666666,0.6666666666666666,0.3333333333333333,0.25,0.6666666666666666,0.33333333333333337,0.0,0.75,0.4444444444444444,0.375,1.0,0.14157879102404386,0.14822458292696725,0.08114786251345962,0.07747736835456802,0.44842860481903873,Low Risk
Nam,2000 - 2002,Vừa học vừa đi làm / thực tập,Hoàn toàn online / remote,"Chủ yếu để học (LMS, tài liệu, nghiên cứu)",2,3,4,1,3,2,3,10,0,3,0,0,2,6,6,3,2,4,0.5,1.0,0.8333333333333333,0.3333333333333333,1.0,0.0,1.0,1.0,0.5,0.4444444444444444,0.375,0.75,0.2289550517584087,0.18626901882556998,0.0993513326447619,0.05622756769043295,0.5708029709191735,Low Risk
Nam,2003 - 2005,Sinh viên đại học / cao đẳng (năm 1-2),Hoàn toàn online / remote,Cân bằng cả học lẫn giải trí,1,0,1,2,2,2,2,9,3,1,2,1,2,4,5,1,3,4,0.25,0.3333333333333333,0.6666666666666666,0.6666666666666666,0.25,0.5925925925925927,0.33333333333333337,0.6666666666666667,0.5,0.6666666666666667,0.25,0.75,0.10750940579501887,0.15289231995328256,0.09604803086622779,0.06309155087151436,0.4195413074860436,Low Risk
Nam,2009 - 2012,Sinh viên đại học / cao đẳng (năm 3-4+),Hoàn toàn trực tiếp (đến trường / văn phòng ≥ 4 ngày/tuần),"Chủ yếu để học (LMS, tài liệu, nghiên cứu)",1,1,4,2,3,1,3,5,3,1,3,3,4,10,9,1,2,3,0.25,0.6666666666666666,0.6666666666666666,0.6666666666666666,1.0,0.7407407407407408,0.0,0.0,0.0,0.0,0.125,0.5,0.16850019261949414,0.16366427124079738,0.06527157153912519,0.0,0.39743603539941674,Low Risk
Nữ,2003 - 2005,Học sinh THPT,"Kết hợp hybrid (2-3 ngày trực tiếp, còn lại online/remote)","Chủ yếu để học (LMS, tài liệu, nghiên cứu)",2,0,3,1,3,3,3,8,1,0,3,0,1,8,8,3,4,1,0.5,0.5,1.0,0.3333333333333333,0.75,0.5185185185185185,0.0,1.0,0.75,0.22222222222222232,0.625,0.0,0.226987541602948,0.18122564957411358,0.07783108833740862,0.07061338517348663,0.5566576646879567,Low Risk
Nữ,2003 - 2005,Đã đi làm toàn thời gian,Hoàn toàn online / remote,"Chủ yếu để học (LMS, tài liệu, nghiên cứu)",4,1,1,2,3,1,0,4,0,3,1,3,0,1,4,4,1,3,1.0,0.16666666666666666,0.6666666666666666,0.6666666666666666,0.25,0.22222222222222224,0.6666666666666667,0.0,1.0,1.0,0.375,0.5,0.12621096838577298,0.2466049594909141,0.06438836771823149,0.1158871269714066,0.5530914225663252,Low Risk
Nữ,1997 - 1999,Đã đi làm toàn thời gian,"Kết hợp hybrid (2-3 ngày trực tiếp, còn lại online/remote)",Cân bằng cả học lẫn giải trí,3,2,0,3,1,0,0,10,1,0,0,1,2,8,1,3,3,4,0.75,0.3333333333333333,0.16666666666666666,1.0,0.0,0.4444444444444444,1.0,0.6666666666666667,0.5,0.22222222222222232,0.5,0.75,0.12859362959696455,0.21792902347778217,0.12780061281489669,0.049363584509351556,0.523686850398995,Low Risk
Nữ,2009 - 2012,Đã đi làm toàn thời gian,"Kết hợp hybrid (2-3 ngày trực tiếp, còn lại online/remote)",Cân bằng cả học lẫn giải trí,2,2,2,2,2,2,2,6,1,2,1,2,1,9,1,3,4,4,0.5,0.6666666666666666,0.6666666666666666,0.6666666666666666,0.5,0.3703703703703704,0.6666666666666667,0.33333333333333337,0.75,0.11111111111111116,0.625,0.75,0.21835255154252092,0.196697142967927,0.08815634477939686,0.06718139358294592,0.5703874328727907,Low Risk
Nam,2009 - 2012,Sinh viên đại học / cao đẳng (năm 1-2),"Kết hợp hybrid (2-3 ngày trực tiếp, còn lại online/remote)","Chủ yếu để học (LMS, tài liệu, nghiên cứu)",2,1,3,1,1,1,0,1,2,2,0,3,4,2,1,3,4,4,0.5,0.16666666666666666,0.3333333333333333,0.3333333333333333,0.75,0.6666666666666666,1.0,0.0,0.0,0.8888888888888888,0.625,0.75,0.2500392755603544,0.12599546756733576,0.12595475876995355,0.0274559327243256,0.5294454346219692,Low Risk
Nữ,1997 - 1999,Sinh viên đại học / cao đẳng (năm 3-4+),"Kết hợp hybrid (2-3 ngày trực tiếp, còn lại online/remote)","Chủ yếu để học (LMS, tài liệu, nghiên cứu)",3,1,2,1,0,2,0,3,0,1,1,0,4,3,1,1,3,4,0.75,0.16666666666666666,0.3333333333333333,0.3333333333333333,0.5,0.48148148148148157,0.6666666666666667,1.0,0.0,0.7777777777777778,0.25,0.75,0.1391961298128523,0.1590283392944654,0.11937440601694631,0.0240239411337849,0.44162281625804894,Low Risk
Nữ,2003 - 2005,Học sinh THPT,Hoàn toàn trực tiếp (đến trường / văn phòng ≥ 4 ngày/tuần),Cân bằng cả học lẫn giải trí,1,0,2,3,0,0,0,8,2,2,3,2,0,10,5,4,1,4,0.25,0.0,0.0,1.0,0.5,0.40740740740740744,0.0,0.33333333333333337,1.0,0.0,0.375,0.75,0.16558160372274183,0.12997677105619235,0.046613027099859185,0.0849992026565403,0.42717060453533373,Low Risk
Nữ,1997 - 1999,Đã đi làm toàn thời gian,Hoàn toàn online / remote,"Chủ yếu để giải trí (mạng xã hội, game, xem phim)",2,2,2,3,1,3,0,10,0,3,3,0,4,7,3,5,5,5,0.5,0.3333333333333333,0.6666666666666666,1.0,0.5,0.0,0.0,1.0,0.0,0.3333333333333335,1.0,1.0,0.30519288459132504,0.21823982479009976,0.032140988260021,0.010295974771622104,0.565869672413068,Low Risk
Nam,2009 - 2012,Vừa học vừa đi làm / thực tập,Hoàn toàn trực tiếp (đến trường / văn phòng ≥ 4 ngày/tuần),"Chủ yếu để học (LMS, tài liệu, nghiên cứu)",2,2,0,1,3,1,1,2,2,1,0,0,4,1,8,5,5,4,0.5,0.5,0.6666666666666666,0.3333333333333333,0.0,0.7407407407407408,1.0,1.0,0.0,1.0,1.0,0.75,0.23413552523652273,0.15899653421448207,0.1646229041838871,0.0308879243148663,0.5886428879497583,Low Risk
Nam,2006 - 2008,Freelancer / tự kinh doanh,Hoàn toàn trực tiếp (đến trường / văn phòng ≥ 4 ngày/tuần),Cân bằng cả học lẫn giải trí,2,1,1,1,3,3,2,1,3,1,0,0,1,2,5,1,3,5,0.5,0.5,1.0,0.3333333333333333,0.25,0.888888888888889,1.0,1.0,0.75,0.8888888888888888,0.25,1.0,0.11519331711415431,0.18122564957411358,0.17767721849171209,0.09120533471673083,0.5653015198967108,Low Risk
Nữ,2009 - 2012,Vừa học vừa đi làm / thực tập,Hoàn toàn online / remote,Cân bằng cả học lẫn giải trí,3,0,2,1,1,3,3,2,3,2,3,3,3,4,6,2,3,5,0.75,0.5,0.6666666666666666,0.3333333333333333,0.5,0.7407407407407408,0.0,0.0,0.25,0.6666666666666667,0.375,1.0,0.1732655150418773,0.19202940594161166,0.06527157153912519,0.04184175020737928,0.47240824272999343,Low Risk
Nữ,1997 - 1999,Vừa học vừa đi làm / thực tập,Hoàn toàn trực tiếp (đến trường / văn phòng ≥ 4 ngày/tuần),Cân bằng cả học lẫn giải trí,4,3,1,3,1,2,2,4,1,1,0,3,0,9,2,5,3,2,1.0,0.8333333333333333,0.5,1.0,0.25,0.5555555555555556,1.0,0.0,1.0,0.11111111111111116,0.75,0.25,0.19768347879630618,0.28934893749581553,0.11616402303908478,0.088431194247081,0.6916276335782875,Medium Risk
Nam,2006 - 2008,Freelancer / tự kinh doanh,"Kết hợp hybrid (2-3 ngày trực tiếp, còn lại online/remote)","Chủ yếu để học (LMS, tài liệu, nghiên cứu)",3,2,2,1,0,0,3,6,1,1,2,1,1,5,10,2,4,5,0.75,0.8333333333333333,0.0,0.3333333333333333,0.5,0.48148148148148145,0.33333333333333337,0.6666666666666667,0.75,0.5555555555555556,0.5,1.0,0.19965098895176683,0.15834312650986349,0.086257295135359,0.08090935994510873,0.525160770542098,Low Risk
Nam,2003 - 2005,Freelancer / tự kinh doanh,Hoàn toàn online / remote,"Chủ yếu để học (LMS, tài liệu, nghiên cứu)",2,2,3,3,0,0,1,6,1,3,0,1,3,6,6,5,3,5,0.5,0.5,0.0,1.0,0.75,0.25925925925925924,1.0,0.6666666666666667,0.25,0.4444444444444444,0.75,1.0,0.28410866078937935,0.1791675697145942,0.11148271993011538,0.034977767026297873,0.6097367174603867,Low Risk
Nam,2006 - 2008,Học sinh THPT,"Kết hợp hybrid (2-3 ngày trực tiếp, còn lại online/remote)",Cân bằng cả học lẫn giải trí,4,2,0,3,0,3,0,3,2,2,0,1,0,1,4,4,1,2,1.0,0.3333333333333333,0.5,1.0,0.0,0.5925925925925926,1.0,0.6666666666666667,1.0,1.0,0.375,0.25,0.0868403330488041,0.2731910105645433,0.1408549271227217,0.1158871269714066,0.6167733977074757,Medium Risk
Nam,2006 - 2008,Học sinh THPT,"Kết hợp hybrid (2-3 ngày trực tiếp, còn lại online/remote)","Chủ yếu để giải trí (mạng xã hội, game, xem phim)",2,0,1,1,2,2,0,6,2,3,2,3,0,8,10,2,5,1,0.5,0.0,0.6666666666666666,0.3333333333333333,0.25,0.3703703703703704,0.33333333333333337,0.0,1.0,0.22222222222222232,0.625,0.0,0.16361409356728118,0.14283860728320985,0.05503923389780956,0.09186318583762171,0.4533551205859223,Low Risk
Nam,2009 - 2012,Freelancer / tự kinh doanh,Hoàn toàn online / remote,"Chủ yếu để giải trí (mạng xã hội, game, xem phim)",4,1,0,1,2,2,1,4,2,3,0,2,2,2,9,3,4,3,1.0,0.3333333333333333,0.6666666666666666,0.3333333333333333,0.0,0.4444444444444445,1.0,0.33333333333333337,0.5,0.8888888888888888,0.625,0.5,0.14729519218771867,0.21967630202498392,0.11708695006155634,0.06995553405259575,0.5540139783268547,Low Risk
Nam,2003 - 2005,Sinh viên đại học / cao đẳng (năm 1-2),"Kết hợp hybrid (2-3 ngày trực tiếp, còn lại online/remote)",Cân bằng cả học lẫn giải trí,4,2,4,3,1,3,0,3,1,2,3,1,0,8,9,5,4,3,1.0,0.3333333333333333,0.6666666666666666,1.0,1.0,0.48148148148148157,0.0,0.6666666666666667,1.0,0.22222222222222232,0.875,0.5,0.32681303607883144,0.2843055682443591,0.06385384700711204,0.09186318583762171,0.7668356371679244,High Risk
Nam,2003 - 2005,Vừa học vừa đi làm / thực tập,Hoàn toàn online / remote,"Chủ yếu để học (LMS, tài liệu, nghiên cứu)",3,2,2,3,1,2,0,8,3,1,3,0,2,9,5,2,4,3,0.75,0.3333333333333333,0.5,1.0,0.5,0.6296296296296297,0.0,1.0,0.5,0.11111111111111116,0.5,0.5,0.18428316631349595,0.24015813883741366,0.0876218240682774,0.045931592918810854,0.557994722137998,Low Risk
Nữ,2003 - 2005,Freelancer / tự kinh doanh,Hoàn toàn online / remote,Cân bằng cả học lẫn giải trí,3,3,2,2,3,3,0,2,1,3,3,1,0,4,5,3,1,1,0.75,0.5,1.0,0.6666666666666666,0.5,0.4074074074074074,0.0,0.6666666666666667,1.0,0.6666666666666667,0.25,0.0,0.11614439585544595,0.24657315441093075,0.05732668985319951,0.1055911521997845,0.5256353923193607,Low Risk
Nữ,2009 - 2012,Đã đi làm toàn thời gian,Hoàn toàn online / remote,"Chủ yếu để giải trí (mạng xã hội, game, xem phim)",4,1,0,2,1,0,3,9,3,3,3,0,3,3,4,2,4,1,1.0,0.6666666666666666,0.16666666666666666,0.6666666666666666,0.0,0.3703703703703704,0.0,1.0,0.25,0.7777777777777778,0.5,0.0,0.1055418956395582,0.22941921338273907,0.0647767740295836,0.04527374179791997,0.44501162484980084,Low Risk
Nữ,2000 - 2002,Sinh viên đại học / cao đẳng (năm 3-4+),"Kết hợp hybrid (2-3 ngày trực tiếp, còn lại online/remote)",Cân bằng cả học lẫn giải trí,4,2,3,2,2,0,2,1,0,1,2,1,2,1,2,2,2,4,1.0,0.6666666666666666,0.3333333333333333,0.6666666666666666,0.75,0.5555555555555556,0.33333333333333337,0.6666666666666667,0.5,1.0,0.25,0.75,0.1708828538306857,0.24053377106255483,0.09278445228927151,0.07338752564313646,0.5775886028256485,Low Risk
Nam,2006 - 2008,Đã đi làm toàn thời gian,Hoàn toàn trực tiếp (đến trường / văn phòng ≥ 4 ngày/tuần),"Chủ yếu để học (LMS, tài liệu, nghiên cứu)",3,3,3,2,2,3,2,1,0,2,2,0,4,5,5,2,3,4,0.75,0.8333333333333333,0.8333333333333333,0.6666666666666666,0.75,0.4444444444444445,0.33333333333333337,1.0,0.0,0.5555555555555556,0.375,0.75,0.19726832774057523,0.2462305480186298,0.09370737931174308,0.0171599579527035,0.5543662130236516,Low Risk
Nam,2003 - 2005,Học sinh THPT,"Kết hợp hybrid (2-3 ngày trực tiếp, còn lại online/remote)","Chủ yếu để giải trí (mạng xã hội, game, xem phim)",4,2,3,3,1,2,1,3,0,1,3,1,4,3,7,2,5,1,1.0,0.5,0.5,1.0,0.75,0.48148148148148157,0.0,0.6666666666666667,0.0,0.7777777777777778,0.625,0.0,0.226987541602948,0.27857698620830074,0.06385384700711204,0.0240239411337849,0.5934423159521457,Low Risk
Nam,2003 - 2005,Sinh viên đại học / cao đẳng (năm 3-4+),Hoàn toàn trực tiếp (đến trường / văn phòng ≥ 4 ngày/tuần),"Chủ yếu để giải trí (mạng xã hội, game, xem phim)",3,1,1,3,1,3,3,7,1,3,1,1,0,3,10,5,2,1,0.75,0.6666666666666666,0.6666666666666666,1.0,0.25,0.22222222222222224,0.6666666666666667,0.6666666666666667,1.0,0.7777777777777778,0.625,0.0,0.16361409356728118,0.26204464780474424,0.08581569322491216,0.10902314379032521,0.6204975783872627,Medium Risk
Nam,2009 - 2012,Học sinh THPT,Hoàn toàn online / remote,"Chủ yếu để giải trí (mạng xã hội, game, xem phim)",3,1,4,3,3,3,1,8,2,2,1,1,0,3,4,4,4,2,0.75,0.3333333333333333,1.0,1.0,1.0,0.40740740740740744,0.6666666666666667,0.6666666666666667,1.0,0.7777777777777778,0.75,0.25,0.2927436508498064,0.2735018118768609,0.10213358610969345,0.10902314379032521,0.777402192626686,High Risk
Nữ,2003 - 2005,Sinh viên đại học / cao đẳng (năm 1-2),"Kết hợp hybrid (2-3 ngày trực tiếp, còn lại online/remote)","Chủ yếu để học (LMS, tài liệu, nghiên cứu)",3,1,1,2,1,1,2,1,1,1,3,1,3,6,3,3,1,5,0.75,0.5,0.3333333333333333,0.6666666666666666,0.25,0.6666666666666666,0.0,0.6666666666666667,0.25,0.4444444444444444,0.25,1.0,0.11519331711415431,0.20211492369166778,0.08017173989189333,0.034977767026297873,0.43245774772401324,Low Risk
Nam,2009 - 2012,Học sinh THPT,"Kết hợp hybrid (2-3 ngày trực tiếp, còn lại online/remote)","Chủ yếu để giải trí (mạng xã hội, game, xem phim)",2,3,4,3,1,2,3,10,3,1,3,2,3,8,10,5,4,4,0.5,1.0,0.5,1.0,1.0,0.5555555555555556,0.0,0.33333333333333337,0.25,0.22222222222222232,0.875,0.75,0.33449694739796687,0.22866916968531362,0.05966734140768422,0.02811378384521648,0.6509472423361812,Medium Risk
Nam,2009 - 2012,Đã đi làm toàn thời gian,"Kết hợp hybrid (2-3 ngày trực tiếp, còn lại online/remote)","Chủ yếu để giải trí (mạng xã hội, game, xem phim)",2,3,0,3,0,0,1,5,3,2,2,3,0,4,2,2,4,2,0.5,0.6666666666666666,0.0,1.0,0.0,0.6296296296296297,0.33333333333333337,0.0,1.0,0.6666666666666667,0.5,0.25,0.11322580695869365,0.18455354535835158,0.07788428393650337,0.1055911521997845,0.4812547884533331,Low Risk
Nữ,2009 - 2012,Sinh viên đại học / cao đẳng (năm 3-4+),Hoàn toàn trực tiếp (đến trường / văn phòng ≥ 4 ngày/tuần),"Chủ yếu để giải trí (mạng xã hội, game, xem phim)",3,2,0,3,3,1,2,10,3,3,0,0,0,7,3,2,5,3,0.75,0.6666666666666666,0.6666666666666666,1.0,0.0,0.3333333333333333,1.0,1.0,1.0,0.3333333333333335,0.625,0.5,0.14729519218771867,0.26204464780474424,0.12872353983736823,0.0952951774281624,0.6333585572579935,Medium Risk
Nữ,2000 - 2002,Freelancer / tự kinh doanh,"Kết hợp hybrid (2-3 ngày trực tiếp, còn lại online/remote)","Chủ yếu để học (LMS, tài liệu, nghiên cứu)",1,2,1,3,1,1,0,5,0,3,1,1,2,9,7,2,2,5,0.25,0.3333333333333333,0.3333333333333333,1.0,0.25,0.1851851851851852,0.6666666666666667,0.6666666666666667,0.5,0.11111111111111116,0.25,1.0,0.11519331711415431,0.16297783770333862,0.08255211464795591,0.045931592918810854,0.40665486238425974,Low Risk
Nữ,2009 - 2012,Học sinh THPT,"Kết hợp hybrid (2-3 ngày trực tiếp, còn lại online/remote)",Cân bằng cả học lẫn giải trí,2,2,0,3,1,0,1,7,0,2,3,1,3,4,9,4,5,4,0.5,0.5,0.16666666666666666,1.0,0.0,0.2222222222222223,0.0,0.6666666666666667,0.25,0.6666666666666667,0.875,0.75,0.20775005132663318,0.19028212739440992,0.041008796968418235,0.04184175020737928,0.48088272589684067,Low Risk
Nam,1997 - 1999,Học sinh THPT,Hoàn toàn online / remote,"Chủ yếu để giải trí (mạng xã hội, game, xem phim)",1,2,0,3,0,1,0,8,2,2,3,2,4,6,2,2,5,5,0.25,0.3333333333333333,0.16666666666666666,1.0,0.0,0.40740740740740744,0.0,0.33333333333333337,0.0,0.4444444444444444,0.625,1.0,0.16266301482598955,0.1518632800235229,0.046613027099859185,0.0137279663621628,0.37486728831153443,Low Risk
Nữ,2003 - 2005,Học sinh THPT,"Kết hợp hybrid (2-3 ngày trực tiếp, còn lại online/remote)","Chủ yếu để học (LMS, tài liệu, nghiên cứu)",4,1,0,2,1,3,3,3,1,3,0,3,1,4,1,4,3,4,1.0,0.6666666666666666,0.6666666666666666,0.6666666666666666,0.0,0.3703703703703704,1.0,0.0,0.75,0.6666666666666667,0.625,0.75,0.1549791035068541,0.2627628864221863,0.09984613015430349,0.08434135153564942,0.6019294716189934,Low Risk
Nữ,2009 - 2012,Sinh viên đại học / cao đẳng (năm 1-2),"Kết hợp hybrid (2-3 ngày trực tiếp, còn lại online/remote)","Chủ yếu để giải trí (mạng xã hội, game, xem phim)",1,3,3,2,2,3,0,1,1,3,1,0,2,5,3,3,5,2,0.25,0.5,0.8333333333333333,0.6666666666666666,0.75,0.4444444444444444,0.6666666666666667,1.0,0.5,0.5555555555555556,0.75,0.25,0.26105692683197296,0.16939285327685571,0.11611082743999004,0.05965955928097365,0.6062201668297924,Low Risk
Nam,2006 - 2008,Học sinh THPT,"Kết hợp hybrid (2-3 ngày trực tiếp, còn lại online/remote)",Cân bằng cả học lẫn giải trí,4,3,2,2,3,2,0,2,1,3,0,1,4,4,4,3,5,2,1.0,0.5,0.8333333333333333,0.6666666666666666,0.5,0.4074074074074074,1.0,0.6666666666666667,0.0,0.6666666666666667,0.75,0.25,0.22937020281413958,0.2684914684582447,0.12453703423794041,0.0205919495432442,0.6429906550535688,Medium Risk
Nữ,2000 - 2002,Sinh viên đại học / cao đẳng (năm 3-4+),Hoàn toàn trực tiếp (đến trường / văn phòng ≥ 4 ngày/tuần),"Chủ yếu để học (LMS, tài liệu, nghiên cứu)",4,2,3,3,2,3,2,1,2,3,1,0,2,2,10,5,1,5,1.0,0.6666666666666666,0.8333333333333333,1.0,0.75,0.5555555555555555,0.6666666666666667,1.0,0.5,0.8888888888888888,0.5,1.0,0.23133771296960023,0.3061920772116896,0.12590156317085882,0.06995553405259575,0.7333868874047444,High Risk
Nam,2009 - 2012,Vừa học vừa đi làm / thực tập,Hoàn toàn trực tiếp (đến trường / văn phòng ≥ 4 ngày/tuần),"Chủ yếu để giải trí (mạng xã hội, game, xem phim)",1,1,4,2,3,3,3,6,2,3,0,0,2,4,6,2,4,2,0.25,0.6666666666666666,1.0,0.6666666666666666,1.0,0.3703703703703704,1.0,1.0,0.5,0.6666666666666667,0.5,0.25,0.23997270303002735,0.1858933866004289,0.13198711841432448,0.06309155087151436,0.6209447589162951,Medium Risk
Nam,1997 - 1999,Freelancer / tự kinh doanh,Hoàn toàn trực tiếp (đến trường / văn phòng ≥ 4 ngày/tuần),"Chủ yếu để học (LMS, tài liệu, nghiên cứu)",4,1,2,3,1,3,2,10,2,2,2,1,3,3,8,3,4,3,1.0,0.5,0.6666666666666666,1.0,0.5,0.3333333333333333,0.33333333333333337,0.6666666666666667,0.25,0.7777777777777778,0.625,0.5,0.2106686402233855,0.2896915438881165,0.07320298082753397,0.04527374179791997,0.6188369067369559,Medium Risk
Nữ,2006 - 2008,Đã đi làm toàn thời gian,"Kết hợp hybrid (2-3 ngày trực tiếp, còn lại online/remote)","Chủ yếu để giải trí (mạng xã hội, game, xem phim)",3,3,0,3,1,3,1,5,3,2,2,0,4,7,10,4,3,2,0.75,0.6666666666666666,0.6666666666666666,1.0,0.0,0.6296296296296297,0.33333333333333337,1.0,0.0,0.3333333333333335,0.625,0.25,0.1396112808685832,0.26204464780474424,0.11002527219652437,0.010295974771622104,0.521977175641474,Low Risk
Nữ,2003 - 2005,Freelancer / tự kinh doanh,Hoàn toàn trực tiếp (đến trường / văn phòng ≥ 4 ngày/tuần),Cân bằng cả học lẫn giải trí,2,2,1,2,1,1,2,10,1,2,2,2,3,7,3,3,4,3,0.5,0.6666666666666666,0.3333333333333333,0.6666666666666666,0.25,0.22222222222222224,0.33333333333333337,0.33333333333333337,0.25,0.3333333333333335,0.625,0.5,0.1789819162055521,0.17446802760829552,0.052698582343324855,0.03154577543575718,0.43769430159292966,Low Risk
Nữ,2000 - 2002,Vừa học vừa đi làm / thực tập,Hoàn toàn trực tiếp (đến trường / văn phòng ≥ 4 ngày/tuần),"Chủ yếu để giải trí (mạng xã hội, game, xem phim)",4,3,1,3,0,0,2,3,3,3,3,1,3,1,8,3,2,2,1.0,0.8333333333333333,0.0,1.0,0.25,0.5925925925925926,0.0,0.6666666666666667,0.25,1.0,0.375,0.25,0.11852705706663752,0.2560052644563683,0.07364458273798082,0.052137724979001376,0.500314629239988,Low Risk
Nam,2003 - 2005,Vừa học vừa đi làm / thực tập,Hoàn toàn trực tiếp (đến trường / văn phòng ≥ 4 ngày/tuần),"Chủ yếu để giải trí (mạng xã hội, game, xem phim)",3,3,0,3,2,1,3,4,1,1,0,1,4,5,7,5,3,5,0.75,1.0,0.5,1.0,0.0,0.5555555555555556,1.0,0.6666666666666667,0.0,0.5555555555555556,0.75,1.0,0.1890484887358791,0.26170204141244324,0.13759134854576546,0.0171599579527035,0.6055018366467914,Low Risk
Nữ,2000 - 2002,Đã đi làm toàn thời gian,Hoàn toàn trực tiếp (đến trường / văn phòng ≥ 4 ngày/tuần),"Chủ yếu để học (LMS, tài liệu, nghiên cứu)",3,1,2,2,2,3,2,6,1,2,0,3,3,5,1,4,2,5,0.75,0.5,0.8333333333333333,0.6666666666666666,0.5,0.3703703703703704,1.0,0.0,0.25,0.5555555555555556,0.5,1.0,0.19965098895176683,0.23545859673111502,0.09984613015430349,0.038409758616838575,0.573365474454024,Low Risk
Nam,2000 - 2002,Học sinh THPT,Hoàn toàn trực tiếp (đến trường / văn phòng ≥ 4 ngày/tuần),"Chủ yếu để giải trí (mạng xã hội, game, xem phim)",4,1,3,3,3,3,2,4,0,3,0,0,4,7,4,4,2,4,1.0,0.5,1.0,1.0,0.75,0.22222222222222224,1.0,1.0,0.0,0.3333333333333335,0.5,0.75,0.22365380165046478,0.311920659247748,0.11893280410649945,0.010295974771622104,0.6648032397763343,Medium Risk
Nam,2000 - 2002,Học sinh THPT,Hoàn toàn trực tiếp (đến trường / văn phòng ≥ 4 ngày/tuần),"Chủ yếu để giải trí (mạng xã hội, game, xem phim)",2,3,0,3,2,0,3,3,3,2,1,1,1,8,1,3,2,4,0.5,1.0,0.3333333333333333,1.0,0.0,0.7037037037037037,0.6666666666666667,0.6666666666666667,0.75,0.22222222222222232,0.375,0.75,0.102208155687075,0.2175546120054979,0.12824221472534353,0.07061338517348663,0.518618367591403,Low Risk
Nữ,2009 - 2012,Sinh viên đại học / cao đẳng (năm 1-2),"Kết hợp hybrid (2-3 ngày trực tiếp, còn lại online/remote)","Chủ yếu để giải trí (mạng xã hội, game, xem phim)",4,3,0,3,0,3,3,7,2,2,3,0,2,9,3,2,2,3,1.0,1.0,0.5,1.0,0.0,0.4444444444444445,0.0,1.0,0.5,0.11111111111111116,0.25,0.5,0.06813877045805,0.2947349131395729,0.07130393118349611,0.045931592918810854,0.4801092076999298,Low Risk
Nữ,1997 - 1999,Freelancer / tự kinh doanh,Hoàn toàn trực tiếp (đến trường / văn phòng ≥ 4 ngày/tuần),Cân bằng cả học lẫn giải trí,2,2,0,3,3,1,3,6,2,3,3,2,4,1,2,3,4,3,0.5,0.8333333333333333,0.6666666666666666,1.0,0.0,0.3703703703703704,0.0,0.33333333333333337,0.0,1.0,0.625,0.5,0.14729519218771867,0.23439775172137198,0.04334944852290293,0.0308879243148663,0.4559303167468599,Low Risk
Nam,1997 - 1999,Freelancer / tự kinh doanh,Hoàn toàn trực tiếp (đến trường / văn phòng ≥ 4 ngày/tuần),"Chủ yếu để giải trí (mạng xã hội, game, xem phim)",1,2,0,3,2,0,0,5,2,1,0,1,4,3,5,2,5,4,0.25,0.3333333333333333,0.3333333333333333,1.0,0.0,0.6296296296296297,1.0,0.6666666666666667,0.0,0.7777777777777778,0.625,0.75,0.1549791035068541,0.16297783770333862,0.14411850569967796,0.0240239411337849,0.4860993880436556,Low Risk
Nữ,2003 - 2005,Học sinh THPT,"Kết hợp hybrid (2-3 ngày trực tiếp, còn lại online/remote)","Chủ yếu để giải trí (mạng xã hội, game, xem phim)",3,1,2,3,2,0,3,3,1,1,0,0,2,7,8,2,5,5,0.75,0.6666666666666666,0.3333333333333333,1.0,0.5,0.5925925925925927,1.0,1.0,0.5,0.3333333333333335,0.625,1.0,0.22603646286165638,0.23981553244511275,0.15156858987606203,0.05279557609989226,0.6702161612827234,Medium Risk
Nam,2000 - 2002,Học sinh THPT,Hoàn toàn trực tiếp (đến trường / văn phòng ≥ 4 ngày/tuần),"Chủ yếu để giải trí (mạng xã hội, game, xem phim)",4,2,0,3,3,3,3,2,2,3,3,2,2,9,7,2,4,3,1.0,0.8333333333333333,1.0,1.0,0.0,0.5185185185185185,0.0,0.33333333333333337,0.5,0.11111111111111116,0.5,0.5,0.12090971827782909,0.32269261053526277,0.056403762830727955,0.045931592918810854,0.5459376845626307,Low Risk
Nam,2006 - 2008,Sinh viên đại học / cao đẳng (năm 3-4+),Hoàn toàn trực tiếp (đến trường / văn phòng ≥ 4 ngày/tuần),Cân bằng cả học lẫn giải trí,4,3,2,3,0,3,1,7,0,1,3,3,3,4,9,2,1,5,1.0,0.6666666666666666,0.5,1.0,0.5,0.3333333333333334,0.0,0.0,0.25,0.6666666666666667,0.125,1.0,0.12049456722209818,0.2839629618520581,0.029372207192606338,0.04184175020737928,0.4756714864741419,Low Risk
Nam,2009 - 2012,Sinh viên đại học / cao đẳng (năm 3-4+),"Kết hợp hybrid (2-3 ngày trực tiếp, còn lại online/remote)",Cân bằng cả học lẫn giải trí,4,1,2,3,0,3,0,5,0,2,0,2,4,2,2,4,3,4,1.0,0.16666666666666666,0.5,1.0,0.5,0.29629629629629634,1.0,0.33333333333333337,0.0,0.8888888888888888,0.625,0.75,0.21835255154252092,0.26780503492078594,0.1040326357537313,0.0274559327243256,0.6176461549413638,Medium Risk
Nam,2009 - 2012,Học sinh THPT,"Kết hợp hybrid (2-3 ngày trực tiếp, còn lại online/remote)","Chủ yếu để học (LMS, tài liệu, nghiên cứu)",1,2,0,3,0,3,2,8,1,2,3,0,4,3,3,4,3,3,0.25,0.6666666666666666,0.5,1.0,0.0,0.29629629629629634,0.0,1.0,0.0,0.7777777777777778,0.625,0.5,0.14729519218771867,0.1848643466706692,0.058249616875671074,0.0240239411337849,0.4144330968678439,Low Risk
Nữ,1997 - 1999,Freelancer / tự kinh doanh,"Kết hợp hybrid (2-3 ngày trực tiếp, còn lại online/remote)","Chủ yếu để giải trí (mạng xã hội, game, xem phim)",1,2,3,3,0,3,1,2,2,3,0,1,1,3,10,5,3,3,0.25,0.5,0.5,1.0,0.75,0.5185185185185185,1.0,0.6666666666666667,0.75,0.7777777777777778,0.75,0.5,0.26874083815110844,0.17947837102691178,0.13432776996880919,0.08777334312619012,0.6703203222730195,Medium Risk
Nữ,2000 - 2002,Freelancer / tự kinh doanh,Hoàn toàn trực tiếp (đến trường / văn phòng ≥ 4 ngày/tuần),"Chủ yếu để học (LMS, tài liệu, nghiên cứu)",3,3,0,3,3,2,1,9,0,2,2,2,0,1,6,3,2,2,0.75,0.6666666666666666,0.8333333333333333,1.0,0.0,0.14814814814814817,0.33333333333333337,0.33333333333333337,1.0,1.0,0.375,0.25,0.0868403330488041,0.27315920548455996,0.046171425189412335,0.1158871269714066,0.522058090694183,Low Risk
Nam,2009 - 2012,Đã đi làm toàn thời gian,"Kết hợp hybrid (2-3 ngày trực tiếp, còn lại online/remote)",Cân bằng cả học lẫn giải trí,1,1,1,3,2,3,1,10,0,3,2,3,4,7,7,4,1,4,0.25,0.3333333333333333,0.8333333333333333,1.0,0.25,0.0,0.33333333333333337,0.0,0.0,0.3333333333333335,0.375,0.75,0.1338948797049084,0.19632151074278587,0.022403448128246968,0.010295974771622104,0.3629158133475633,Low Risk
Nam,2006 - 2008,Freelancer / tự kinh doanh,"Kết hợp hybrid (2-3 ngày trực tiếp, còn lại online/remote)","Chủ yếu để học (LMS, tài liệu, nghiên cứu)",3,1,3,3,2,2,3,4,3,2,1,3,4,4,3,3,3,3,0.75,0.6666666666666666,0.6666666666666666,1.0,0.75,0.6666666666666666,0.6666666666666667,0.0,0.0,0.6666666666666667,0.5,0.5,0.21596989033132935,0.26204464780474424,0.1035513106417066,0.0205919495432442,0.6021577983210243,Low Risk
Nam,2003 - 2005,Sinh viên đại học / cao đẳng (năm 3-4+),Hoàn toàn trực tiếp (đến trường / văn phòng ≥ 4 ngày/tuần),Cân bằng cả học lẫn giải trí,2,2,3,3,2,3,3,9,0,3,2,0,2,3,6,3,3,3,0.5,0.8333333333333333,0.8333333333333333,1.0,0.75,0.037037037037037056,0.33333333333333337,1.0,0.5,0.7777777777777778,0.5,0.5,0.21596989033132935,0.24551230940118773,0.057808014965224225,0.06652354246205505,0.5858137571597963,Low Risk
Nam,2003 - 2005,Đã đi làm toàn thời gian,"Kết hợp hybrid (2-3 ngày trực tiếp, còn lại online/remote)","Chủ yếu để giải trí (mạng xã hội, game, xem phim)",3,2,1,3,3,1,1,3,3,3,2,0,4,5,8,3,5,3,0.75,0.5,0.6666666666666666,1.0,0.25,0.5925925925925926,0.33333333333333337,1.0,0.0,0.5555555555555556,0.75,0.5,0.20536739011544164,0.2566586721609868,0.10676169361956811,0.0171599579527035,0.5859477138487001,Low Risk
Nữ,2003 - 2005,Đã đi làm toàn thời gian,Hoàn toàn trực tiếp (đến trường / văn phòng ≥ 4 ngày/tuần),"Chủ yếu để học (LMS, tài liệu, nghiên cứu)",1,1,4,3,0,0,0,3,3,3,1,0,0,7,4,4,2,5,0.25,0.16666666666666666,0.0,1.0,1.0,0.5925925925925926,0.6666666666666667,1.0,1.0,0.3333333333333335,0.5,1.0,0.2630244369874337,0.13536274669994974,0.12916514174781507,0.0952951774281624,0.622847502863361,Medium Risk
Nam,1997 - 1999,Freelancer / tự kinh doanh,"Kết hợp hybrid (2-3 ngày trực tiếp, còn lại online/remote)",Cân bằng cả học lẫn giải trí,4,2,3,3,0,3,3,5,2,1,3,3,1,9,4,4,5,4,1.0,0.8333333333333333,0.5,1.0,0.75,0.6296296296296297,0.0,0.0,0.75,0.11111111111111116,0.875,0.75,0.3028102233801334,0.28934893749581553,0.055480835808256405,0.06718139358294592,0.7148213902671512,High Risk
Nam,2003 - 2005,Vừa học vừa đi làm / thực tập,Hoàn toàn trực tiếp (đến trường / văn phòng ≥ 4 ngày/tuần),"Chủ yếu để giải trí (mạng xã hội, game, xem phim)",3,2,1,3,3,2,3,3,2,3,2,1,3,4,4,5,1,5,0.75,0.8333333333333333,0.8333333333333333,1.0,0.25,0.48148148148148145,0.33333333333333337,0.6666666666666667,0.25,0.6666666666666667,0.5,1.0,0.1679642649339334,0.2785451811283174,0.086257295135359,0.04184175020737928,0.574608491404989,Low Risk
Nữ,2000 - 2002,Vừa học vừa đi làm / thực tập,"Kết hợp hybrid (2-3 ngày trực tiếp, còn lại online/remote)","Chủ yếu để học (LMS, tài liệu, nghiên cứu)",3,1,1,3,3,3,2,3,2,2,1,1,4,8,9,5,3,4,0.75,0.5,1.0,1.0,0.25,0.5925925925925926,0.6666666666666667,0.6666666666666667,0.0,0.22222222222222232,0.75,0.75,0.21305130143457707,0.2788877875206183,0.11845147899447475,0.006863983181081403,0.6172545511307516,Medium Risk
Nam,2009 - 2012,Học sinh THPT,"Kết hợp hybrid (2-3 ngày trực tiếp, còn lại online/remote)","Chủ yếu để học (LMS, tài liệu, nghiên cứu)",2,3,4,3,3,1,2,5,1,1,3,2,4,3,3,3,4,3,0.5,0.8333333333333333,0.6666666666666666,1.0,1.0,0.5185185185185185,0.0,0.33333333333333337,0.0,0.7777777777777778,0.625,0.5,0.27404208825905235,0.23439775172137198,0.056403762830727955,0.0240239411337849,0.5888675439449372,Low Risk
Nam,2003 - 2005,Sinh viên đại học / cao đẳng (năm 3-4+),Hoàn toàn trực tiếp (đến trường / văn phòng ≥ 4 ngày/tuần),"Chủ yếu để giải trí (mạng xã hội, game, xem phim)",4,1,1,3,1,0,1,2,3,1,2,3,4,1,3,2,4,3,1.0,0.3333333333333333,0.16666666666666666,1.0,0.25,0.8518518518518517,0.33333333333333337,0.0,0.0,1.0,0.5,0.5,0.15259644229566252,0.25096189520491186,0.09746575539824093,0.0308879243148663,0.5319120172136815,Low Risk
Nữ,2006 - 2008,Học sinh THPT,Hoàn toàn trực tiếp (đến trường / văn phòng ≥ 4 ngày/tuần),Cân bằng cả học lẫn giải trí,2,1,3,3,2,2,0,3,3,2,2,2,0,3,8,3,4,5,0.5,0.16666666666666666,0.6666666666666666,1.0,0.75,0.7037037037037037,0.33333333333333337,0.33333333333333337,1.0,0.7777777777777778,0.625,1.0,0.2577231868794898,0.21285384914634237,0.09512510384375623,0.10902314379032521,0.6747252836599136,Medium Risk
Nam,1997 - 1999,Sinh viên đại học / cao đẳng (năm 3-4+),Hoàn toàn trực tiếp (đến trường / văn phòng ≥ 4 ngày/tuần),"Chủ yếu để giải trí (mạng xã hội, game, xem phim)",2,3,1,3,3,2,3,1,3,3,3,3,4,3,3,5,5,5,0.5,1.0,0.8333333333333333,1.0,0.25,0.6666666666666666,0.0,0.0,0.0,0.7777777777777778,1.0,1.0,0.27350616057349164,0.25089828504494516,0.05874441438521266,0.0240239411337849,0.6071728011374343,Low Risk
Nam,2000 - 2002,Vừa học vừa đi làm / thực tập,"Kết hợp hybrid (2-3 ngày trực tiếp, còn lại online/remote)",Cân bằng cả học lẫn giải trí,2,3,2,3,2,3,2,3,1,3,0,3,1,1,4,2,5,5,0.5,0.8333333333333333,0.8333333333333333,1.0,0.5,0.3703703703703704,1.0,0.0,0.75,1.0,0.625,1.0,0.22603646286165638,0.24551230940118773,0.09984613015430349,0.09463732630727152,0.6660322287244191,Medium Risk
Nam,2009 - 2012,Học sinh THPT,"Kết hợp hybrid (2-3 ngày trực tiếp, còn lại online/remote)",Cân bằng cả học lẫn giải trí,3,1,3,3,0,2,3,6,2,3,2,1,2,4,4,3,4,3,0.75,0.6666666666666666,0.3333333333333333,1.0,0.75,0.3703703703703704,0.33333333333333337,0.6666666666666667,0.5,0.6666666666666667,0.625,0.5,0.24235536424121892,0.23981553244511275,0.07646655940449024,0.06309155087151436,0.6217290069623362,Medium Risk
Nam,2000 - 2002,Freelancer / tự kinh doanh,Hoàn toàn trực tiếp (đến trường / văn phòng ≥ 4 ngày/tuần),"Chủ yếu để giải trí (mạng xã hội, game, xem phim)",3,2,3,3,3,1,3,5,1,3,0,3,0,5,5,5,3,5,0.75,0.8333333333333333,0.6666666666666666,1.0,0.75,0.2962962962962963,1.0,0.0,1.0,0.5555555555555556,0.75,1.0,0.28410866078937935,0.2674306234485016,0.09331897300039096,0.10215916060924381,0.7470174178475157,High Risk
Nam,2000 - 2002,Đã đi làm toàn thời gian,Hoàn toàn trực tiếp (đến trường / văn phòng ≥ 4 ngày/tuần),Cân bằng cả học lẫn giải trí,1,1,1,3,2,2,1,3,2,2,2,3,4,2,10,3,3,2,0.25,0.3333333333333333,0.6666666666666666,1.0,0.25,0.5925925925925926,0.33333333333333337,0.0,0.0,0.8888888888888888,0.5,0.25,0.14491253097652707,0.18520695306297014,0.07462070535954711,0.0274559327243256,0.43219612212336994,Low Risk
Nam,2000 - 2002,Vừa học vừa đi làm / thực tập,"Kết hợp hybrid (2-3 ngày trực tiếp, còn lại online/remote)","Chủ yếu để giải trí (mạng xã hội, game, xem phim)",1,3,4,3,0,2,0,4,0,3,2,0,0,7,3,5,1,3,0.25,0.5,0.3333333333333333,1.0,1.0,0.22222222222222224,0.33333333333333337,1.0,1.0,0.3333333333333335,0.5,0.5,0.2476566143491628,0.16836381334709605,0.07412590785000553,0.0952951774281624,0.5854415129744268,Low Risk
Nam,2009 - 2012,Sinh viên đại học / cao đẳng (năm 3-4+),Hoàn toàn trực tiếp (đến trường / văn phòng ≥ 4 ngày/tuần),"Chủ yếu để giải trí (mạng xã hội, game, xem phim)",4,3,4,3,3,1,3,9,1,2,1,2,3,2,8,4,2,2,1.0,1.0,0.6666666666666666,1.0,1.0,0.2592592592592593,0.6666666666666667,0.33333333333333337,0.25,0.8888888888888888,0.5,0.25,0.23997270303002735,0.30584947081938874,0.07836560904852809,0.048705733388460674,0.6728935162864048,Medium Risk
Nữ,2009 - 2012,Học sinh THPT,Hoàn toàn trực tiếp (đến trường / văn phòng ≥ 4 ngày/tuần),Cân bằng cả học lẫn giải trí,2,2,1,3,1,0,1,10,2,3,3,1,4,9,9,3,2,5,0.5,0.5,0.16666666666666666,1.0,0.25,0.2222222222222222,0.0,0.6666666666666667,0.0,0.11111111111111116,0.375,1.0,0.14157879102404386,0.19028212739440992,0.04100879696841822,0.0034319915905407015,0.37630170697741266,Low Risk
Nữ,2006 - 2008,Đã đi làm toàn thời gian,Hoàn toàn trực tiếp (đến trường / văn phòng ≥ 4 ngày/tuần),Cân bằng cả học lẫn giải trí,1,1,3,3,2,3,0,4,3,3,2,3,3,4,1,2,5,5,0.25,0.16666666666666666,0.8333333333333333,1.0,0.75,0.5555555555555556,0.33333333333333337,0.0,0.25,0.6666666666666667,0.625,1.0,0.2577231868794898,0.19093553509902847,0.07135712678259085,0.04184175020737928,0.5618575989684884,Low Risk
Nam,2006 - 2008,Học sinh THPT,"Kết hợp hybrid (2-3 ngày trực tiếp, còn lại online/remote)","Chủ yếu để học (LMS, tài liệu, nghiên cứu)",3,1,1,3,1,2,1,3,2,2,3,0,1,8,8,4,5,3,0.75,0.3333333333333333,0.5,1.0,0.25,0.5925925925925926,0.0,1.0,0.75,0.22222222222222232,0.875,0.5,0.23175286402533118,0.24015813883741366,0.08435824549132115,0.07061338517348663,0.6268826335275526,Medium Risk
Nữ,2000 - 2002,Đã đi làm toàn thời gian,"Kết hợp hybrid (2-3 ngày trực tiếp, còn lại online/remote)","Chủ yếu để học (LMS, tài liệu, nghiên cứu)",1,1,2,3,1,1,1,3,1,1,3,3,0,7,7,3,4,4,0.25,0.3333333333333333,0.3333333333333333,1.0,0.5,0.5925925925925927,0.0,0.0,1.0,0.3333333333333335,0.625,0.75,0.21835255154252092,0.16297783770333862,0.05221725723130015,0.0952951774281624,0.5288428239053221,Low Risk
Nam,2000 - 2002,Sinh viên đại học / cao đẳng (năm 1-2),Hoàn toàn trực tiếp (đến trường / văn phòng ≥ 4 ngày/tuần),"Chủ yếu để giải trí (mạng xã hội, game, xem phim)",1,1,3,3,0,2,1,7,1,1,0,2,0,3,6,4,5,3,0.25,0.3333333333333333,0.3333333333333333,1.0,0.75,0.4444444444444445,1.0,0.33333333333333337,1.0,0.7777777777777778,0.875,0.5,0.295126312060998,0.16297783770333862,0.11708695006155634,0.10902314379032521,0.6842142436162181,Medium Risk
Nữ,1997 - 1999,Học sinh THPT,Hoàn toàn trực tiếp (đến trường / văn phòng ≥ 4 ngày/tuần),Cân bằng cả học lẫn giải trí,1,2,0,3,0,1,2,8,0,3,3,1,1,6,5,4,1,4,0.25,0.6666666666666666,0.16666666666666666,1.0,0.0,0.07407407407407411,0.0,0.6666666666666667,0.75,0.4444444444444444,0.375,0.75,0.102208155687075,0.16263523131103771,0.02795448266059319,0.07747736835456802,0.37027523801327394,Low Risk
Nam,2009 - 2012,Vừa học vừa đi làm / thực tập,Hoàn toàn trực tiếp (đến trường / văn phòng ≥ 4 ngày/tuần),"Chủ yếu để giải trí (mạng xã hội, game, xem phim)",3,3,0,3,2,1,3,8,3,3,3,1,1,7,6,5,1,2,0.75,1.0,0.5,1.0,0.0,0.40740740740740744,0.0,0.6666666666666667,0.75,0.3333333333333335,0.5,0.25,0.11322580695869365,0.26170204141244324,0.057326689853199525,0.07404537676402732,0.5062999149883638,Low Risk
Nam,2000 - 2002,Sinh viên đại học / cao đẳng (năm 1-2),Hoàn toàn trực tiếp (đến trường / văn phòng ≥ 4 ngày/tuần),"Chủ yếu để học (LMS, tài liệu, nghiên cứu)",4,2,1,3,0,2,2,10,0,1,3,1,2,8,8,2,2,3,1.0,0.6666666666666666,0.3333333333333333,1.0,0.25,0.22222222222222224,0.0,0.6666666666666667,0.5,0.22222222222222232,0.25,0.5,0.09982549447588342,0.2728484041722424,0.04100879696841822,0.049363584509351556,0.4630462801258956,Low Risk
Nam,1997 - 1999,Freelancer / tự kinh doanh,Hoàn toàn trực tiếp (đến trường / văn phòng ≥ 4 ngày/tuần),"Chủ yếu để học (LMS, tài liệu, nghiên cứu)",4,3,0,3,2,2,3,4,1,1,3,3,0,8,5,4,2,2,1.0,1.0,0.6666666666666666,1.0,0.0,0.5555555555555556,0.0,0.0,1.0,0.22222222222222232,0.5,0.25,0.11322580695869365,0.30584947081938874,0.048953678654343885,0.09186318583762171,0.559892142270048,Low Risk
Nam,2009 - 2012,Sinh viên đại học / cao đẳng (năm 3-4+),"Kết hợp hybrid (2-3 ngày trực tiếp, còn lại online/remote)","Chủ yếu để học (LMS, tài liệu, nghiên cứu)",1,3,2,3,0,1,0,3,0,2,1,3,2,1,3,3,1,3,0.25,0.5,0.16666666666666666,1.0,0.5,0.3703703703703704,0.6666666666666667,0.0,0.5,1.0,0.25,0.5,0.13151221849371686,0.15724925566728032,0.07744268202605653,0.07338752564313646,0.43959168183019015,Low Risk
Nam,2003 - 2005,Học sinh THPT,Hoàn toàn trực tiếp (đến trường / văn phòng ≥ 4 ngày/tuần),"Chủ yếu để học (LMS, tài liệu, nghiên cứu)",3,2,0,3,3,3,2,9,0,1,0,3,1,7,8,4,3,2,0.75,0.6666666666666666,1.0,1.0,0.0,0.2592592592592593,1.0,0.0,0.75,0.3333333333333335,0.625,0.25,0.1396112808685832,0.2842737631643757,0.09005539442343471,0.07404537676402732,0.5879858152204209,Low Risk
Nam,2000 - 2002,Học sinh THPT,"Kết hợp hybrid (2-3 ngày trực tiếp, còn lại online/remote)",Cân bằng cả học lẫn giải trí,1,3,3,3,1,2,3,1,2,2,3,1,0,6,1,4,5,2,0.25,1.0,0.5,1.0,0.75,0.6666666666666666,0.0,0.6666666666666667,1.0,0.4444444444444444,0.875,0.25,0.2874424007418625,0.195636297958184,0.08017173989189333,0.0987271690187031,0.661977607610643,Medium Risk
Nam,2000 - 2002,Đã đi làm toàn thời gian,"Kết hợp hybrid (2-3 ngày trực tiếp, còn lại online/remote)",Cân bằng cả học lẫn giải trí,4,1,0,3,2,0,3,7,2,1,3,2,3,5,6,2,4,5,1.0,0.6666666666666666,0.3333333333333333,1.0,0.0,0.5555555555555556,0.0,0.33333333333333337,0.25,0.5555555555555556,0.5,1.0,0.1362775409161,0.2728484041722424,0.05966734140768422,0.038409758616838575,0.5072030451128652,Low Risk
Nam,2006 - 2008,Sinh viên đại học / cao đẳng (năm 3-4+),Hoàn toàn trực tiếp (đến trường / văn phòng ≥ 4 ngày/tuần),"Chủ yếu để học (LMS, tài liệu, nghiên cứu)",4,2,0,3,0,3,0,3,1,1,2,0,1,9,5,5,3,4,1.0,0.3333333333333333,0.5,1.0,0.0,0.5925925925925927,0.33333333333333337,1.0,0.75,0.11111111111111116,0.75,0.75,0.18136457741674364,0.2731910105645433,0.10676169361956812,0.06718139358294592,0.628498675183801,Medium Risk
Nam,2000 - 2002,Sinh viên đại học / cao đẳng (năm 1-2),"Kết hợp hybrid (2-3 ngày trực tiếp, còn lại online/remote)",Cân bằng cả học lẫn giải trí,2,3,2,3,1,0,3,1,1,1,3,0,1,9,3,4,1,2,0.5,1.0,0.16666666666666666,1.0,0.5,0.6666666666666666,0.0,1.0,0.75,0.11111111111111116,0.375,0.25,0.15021378108447095,0.20644005432568213,0.09088540264523366,0.06718139358294592,0.5147206316383326,Low Risk
Nữ,2003 - 2005,Freelancer / tự kinh doanh,"Kết hợp hybrid (2-3 ngày trực tiếp, còn lại online/remote)",Cân bằng cả học lẫn giải trí,2,1,0,3,3,3,1,8,2,3,1,0,1,5,10,2,5,4,0.5,0.3333333333333333,1.0,1.0,0.0,0.29629629629629634,0.6666666666666667,1.0,0.75,0.5555555555555556,0.625,0.75,0.1549791035068541,0.24046894014973125,0.103056513132165,0.08090935994510873,0.5794139167338591,Low Risk
Nữ,2000 - 2002,Freelancer / tự kinh doanh,Hoàn toàn trực tiếp (đến trường / văn phòng ≥ 4 ngày/tuần),"Chủ yếu để học (LMS, tài liệu, nghiên cứu)",2,1,3,3,0,2,1,2,2,3,1,3,2,4,5,3,2,3,0.5,0.3333333333333333,0.3333333333333333,1.0,0.75,0.5185185185185185,0.6666666666666667,0.0,0.5,0.6666666666666667,0.375,0.5,0.1895844164214398,0.19601070943046828,0.09049699633388156,0.06309155087151436,0.5391836730573041,Low Risk
Nam,2003 - 2005,Sinh viên đại học / cao đẳng (năm 3-4+),Hoàn toàn trực tiếp (đến trường / văn phòng ≥ 4 ngày/tuần),"Chủ yếu để học (LMS, tài liệu, nghiên cứu)",4,2,4,3,0,1,1,1,0,2,0,3,1,2,7,4,3,5,1.0,0.5,0.16666666666666666,1.0,1.0,0.4444444444444445,1.0,0.0,0.75,0.8888888888888888,0.625,1.0,0.28940991089732326,0.2563478708486692,0.106373287308216,0.09120533471673083,0.7433364037709393,High Risk
Nam,2009 - 2012,Sinh viên đại học / cao đẳng (năm 1-2),"Kết hợp hybrid (2-3 ngày trực tiếp, còn lại online/remote)","Chủ yếu để giải trí (mạng xã hội, game, xem phim)",4,2,4,3,3,1,2,2,3,3,0,0,2,4,5,5,1,2,1.0,0.6666666666666666,0.6666666666666666,1.0,1.0,0.6296296296296297,1.0,1.0,0.5,0.6666666666666667,0.5,0.25,0.23997270303002735,0.2950775195318739,0.15483216845301828,0.06309155087151436,0.7529739418864339,High Risk
Nữ,1997 - 1999,Sinh viên đại học / cao đẳng (năm 1-2),"Kết hợp hybrid (2-3 ngày trực tiếp, còn lại online/remote)","Chủ yếu để học (LMS, tài liệu, nghiên cứu)",4,1,2,3,3,1,0,9,1,2,0,0,3,3,8,2,4,2,1.0,0.16666666666666666,0.6666666666666666,1.0,0.5,0.2592592592592593,1.0,1.0,0.25,0.7777777777777778,0.5,0.25,0.1765992549943605,0.27891959260060173,0.12219638268345571,0.04527374179791997,0.6229889720763379,Medium Risk
Nữ,2003 - 2005,Sinh viên đại học / cao đẳng (năm 1-2),"Kết hợp hybrid (2-3 ngày trực tiếp, còn lại online/remote)",Cân bằng cả học lẫn giải trí,1,3,2,3,2,3,3,6,1,2,1,0,3,7,8,2,5,3,0.25,1.0,0.8333333333333333,1.0,0.5,0.3703703703703704,0.6666666666666667,1.0,0.25,0.3333333333333335,0.625,0.5,0.2106686402233855,0.21786541331781548,0.10958367028607753,0.03154577543575718,0.5696634992630357,Low Risk
Nam,1997 - 1999,Sinh viên đại học / cao đẳng (năm 1-2),Hoàn toàn trực tiếp (đến trường / văn phòng ≥ 4 ngày/tuần),Cân bằng cả học lẫn giải trí,1,2,3,3,0,3,3,4,0,2,2,1,1,2,3,2,4,4,0.25,0.8333333333333333,0.5,1.0,0.75,0.3333333333333333,0.33333333333333337,0.6666666666666667,0.75,0.8888888888888888,0.5,0.75,0.22365380165046478,0.1902503223144266,0.07320298082753397,0.09120533471673083,0.5783124395091562,Low Risk
Nữ,2003 - 2005,Đã đi làm toàn thời gian,Hoàn toàn trực tiếp (đến trường / văn phòng ≥ 4 ngày/tuần),"Chủ yếu để học (LMS, tài liệu, nghiên cứu)",3,2,3,3,2,0,1,9,2,1,1,3,2,7,7,5,3,4,0.75,0.5,0.3333333333333333,1.0,0.75,0.48148148148148157,0.6666666666666667,0.0,0.5,0.3333333333333335,0.75,0.75,0.27642474947024387,0.23442955680135535,0.08723341775692531,0.05279557609989226,0.6508833001284168,Medium Risk
Nam,2003 - 2005,Sinh viên đại học / cao đẳng (năm 1-2),"Kết hợp hybrid (2-3 ngày trực tiếp, còn lại online/remote)",Cân bằng cả học lẫn giải trí,2,2,2,3,1,0,2,3,2,3,1,1,3,2,8,5,5,4,0.5,0.6666666666666666,0.16666666666666666,1.0,0.5,0.48148148148148145,0.6666666666666667,0.6666666666666667,0.25,0.8888888888888888,1.0,0.75,0.29750897327218956,0.19566810303816734,0.10866074326360597,0.048705733388460674,0.6505435529624235,Medium Risk
Nữ,2006 - 2008,Đã đi làm toàn thời gian,Hoàn toàn trực tiếp (đến trường / văn phòng ≥ 4 ngày/tuần),Cân bằng cả học lẫn giải trí,3,3,1,3,2,1,2,8,1,3,2,0,2,6,6,5,2,5,0.75,0.8333333333333333,0.5,1.0,0.25,0.1851851851851852,0.33333333333333337,1.0,0.5,0.4444444444444444,0.625,1.0,0.19434973884382298,0.2563160657686859,0.07086232927304927,0.05622756769043295,0.577755701575991,Low Risk
Nữ,2003 - 2005,Sinh viên đại học / cao đẳng (năm 1-2),Hoàn toàn trực tiếp (đến trường / văn phòng ≥ 4 ngày/tuần),"Chủ yếu để học (LMS, tài liệu, nghiên cứu)",2,2,4,3,2,3,3,2,1,1,3,2,3,8,3,3,5,4,0.5,0.8333333333333333,0.8333333333333333,1.0,1.0,0.6296296296296297,0.0,0.33333333333333337,0.25,0.22222222222222232,0.75,0.75,0.3081114734880773,0.24551230940118773,0.06619449856159675,0.02811378384521648,0.6479320652960783,Medium Risk
Nữ,2000 - 2002,Đã đi làm toàn thời gian,"Kết hợp hybrid (2-3 ngày trực tiếp, còn lại online/remote)",Cân bằng cả học lẫn giải trí,1,1,2,3,0,1,0,10,1,3,1,1,2,3,3,2,3,5,0.25,0.16666666666666666,0.16666666666666666,1.0,0.5,0.1111111111111111,0.6666666666666667,0.6666666666666667,0.5,0.7777777777777778,0.375,1.0,0.1732655150418773,0.1464773043797655,0.07602495749404338,0.06652354246205505,0.4622913193777412,Low Risk
Nữ,2006 - 2008,Đã đi làm toàn thời gian,Hoàn toàn trực tiếp (đến trường / văn phòng ≥ 4 ngày/tuần),"Chủ yếu để giải trí (mạng xã hội, game, xem phim)",3,1,3,3,0,3,2,8,1,1,1,2,0,6,5,4,5,2,0.75,0.5,0.5,1.0,0.75,0.40740740740740744,0.6666666666666667,0.33333333333333337,1.0,0.4444444444444444,0.875,0.25,0.2874424007418625,0.24554411448117108,0.09141992335635311,0.0987271690187031,0.7231336075980896,High Risk
Nam,2009 - 2012,Học sinh THPT,Hoàn toàn trực tiếp (đến trường / văn phòng ≥ 4 ngày/tuần),"Chủ yếu để giải trí (mạng xã hội, game, xem phim)",4,3,1,3,1,3,3,1,1,1,1,1,0,5,8,2,5,5,1.0,1.0,0.6666666666666666,1.0,0.25,0.6666666666666666,0.6666666666666667,0.6666666666666667,1.0,0.5555555555555556,0.625,1.0,0.19434973884382298,0.30584947081938874,0.12497863614838726,0.10215916060924381,0.7273370064208428,High Risk
Nam,2009 - 2012,Sinh viên đại học / cao đẳng (năm 3-4+),"Kết hợp hybrid (2-3 ngày trực tiếp, còn lại online/remote)","Chủ yếu để học (LMS, tài liệu, nghiên cứu)",4,1,2,3,2,2,2,7,2,1,1,1,1,6,7,2,5,3,1.0,0.5,0.6666666666666666,1.0,0.5,0.5555555555555556,0.6666666666666667,0.6666666666666667,0.75,0.4444444444444444,0.625,0.5,0.2106686402233855,0.2896915438881165,0.11518790041751849,0.07747736835456802,0.6930254528835884,Medium Risk
Nam,1997 - 1999,Vừa học vừa đi làm / thực tập,"Kết hợp hybrid (2-3 ngày trực tiếp, còn lại online/remote)","Chủ yếu để học (LMS, tài liệu, nghiên cứu)",1,2,4,3,3,1,2,8,1,2,1,0,0,6,4,4,2,2,0.25,0.6666666666666666,0.6666666666666666,1.0,1.0,0.29629629629629634,0.6666666666666667,1.0,1.0,0.4444444444444444,0.5,0.25,0.23997270303002735,0.19597890435048496,0.103056513132165,0.0987271690187031,0.6377352895313804,Medium Risk
Nam,2000 - 2002,Vừa học vừa đi làm / thực tập,"Kết hợp hybrid (2-3 ngày trực tiếp, còn lại online/remote)","Chủ yếu để giải trí (mạng xã hội, game, xem phim)",2,1,3,3,1,2,3,8,2,2,2,3,2,2,10,3,2,4,0.5,0.6666666666666666,0.5,1.0,0.75,0.40740740740740744,0.33333333333333337,0.0,0.5,0.8888888888888888,0.375,0.75,0.19726832774057523,0.21789721839779883,0.05830281247476582,0.06995553405259575,0.5434238926657357,Low Risk
Nữ,2003 - 2005,Đã đi làm toàn thời gian,"Kết hợp hybrid (2-3 ngày trực tiếp, còn lại online/remote)",Cân bằng cả học lẫn giải trí,1,2,2,3,1,2,3,6,0,1,3,3,1,2,8,2,5,5,0.25,0.8333333333333333,0.5,1.0,0.5,0.3703703703703704,0.0,0.0,0.75,0.8888888888888888,0.625,1.0,0.22603646286165638,0.1902503223144266,0.032635785769562595,0.09120533471673083,0.5401279056623765,Low Risk
Nữ,2003 - 2005,Sinh viên đại học / cao đẳng (năm 1-2),Hoàn toàn trực tiếp (đến trường / văn phòng ≥ 4 ngày/tuần),Cân bằng cả học lẫn giải trí,3,3,4,3,1,0,3,4,1,1,3,3,0,8,5,4,5,5,0.75,1.0,0.16666666666666666,1.0,1.0,0.5555555555555556,0.0,0.0,1.0,0.22222222222222232,0.875,1.0,0.34218085871710235,0.23947292605281179,0.048953678654343885,0.09186318583762171,0.7224706492618798,High Risk
Nữ,1997 - 1999,Sinh viên đại học / cao đẳng (năm 1-2),"Kết hợp hybrid (2-3 ngày trực tiếp, còn lại online/remote)",Cân bằng cả học lẫn giải trí,3,1,3,3,3,2,1,8,0,1,2,3,3,5,10,2,5,4,0.75,0.3333333333333333,0.8333333333333333,1.0,0.75,0.29629629629629634,0.33333333333333337,0.0,0.25,0.5555555555555556,0.625,0.75,0.2500392755603544,0.26238725419704517,0.04851207674389704,0.038409758616838575,0.5993483651181352,Low Risk
Nam,2009 - 2012,Sinh viên đại học / cao đẳng (năm 1-2),Hoàn toàn trực tiếp (đến trường / văn phòng ≥ 4 ngày/tuần),Cân bằng cả học lẫn giải trí,2,3,1,3,1,1,0,1,3,3,2,3,3,3,8,4,4,4,0.5,0.5,0.3333333333333333,1.0,0.25,0.6666666666666666,0.33333333333333337,0.0,0.25,0.7777777777777778,0.75,0.75,0.21305130143457707,0.2013966850742257,0.08114786251345962,0.04527374179791997,0.5408695908201824,Low Risk
Nữ,2003 - 2005,Học sinh THPT,"Kết hợp hybrid (2-3 ngày trực tiếp, còn lại online/remote)","Chủ yếu để học (LMS, tài liệu, nghiên cứu)",2,1,4,3,3,0,3,10,2,1,0,0,2,6,7,3,2,2,0.5,0.6666666666666666,0.5,1.0,1.0,0.4444444444444445,1.0,1.0,0.5,0.4444444444444444,0.375,0.25,0.2135872291201378,0.21789721839779883,0.138514275568237,0.05622756769043295,0.6262262907766065,Medium Risk
Nữ,1997 - 1999,Đã đi làm toàn thời gian,"Kết hợp hybrid (2-3 ngày trực tiếp, còn lại online/remote)",Cân bằng cả học lẫn giải trí,4,3,3,3,0,3,3,7,1,2,0,0,2,2,7,3,2,4,1.0,1.0,0.5,1.0,0.75,0.3333333333333333,1.0,1.0,0.5,0.8888888888888888,0.375,0.75,0.19726832774057523,0.2947349131395729,0.12872353983736823,0.06995553405259575,0.690682314770112,Medium Risk
Nam,1997 - 1999,Sinh viên đại học / cao đẳng (năm 1-2),Hoàn toàn trực tiếp (đến trường / văn phòng ≥ 4 ngày/tuần),"Chủ yếu để giải trí (mạng xã hội, game, xem phim)",3,2,2,3,1,0,1,7,1,2,2,0,1,6,6,4,4,4,0.75,0.5,0.16666666666666666,1.0,0.5,0.3333333333333333,0.33333333333333337,1.0,0.75,0.4444444444444444,0.75,0.75,0.24473802545241047,0.22331499912153957,0.0839166435808743,0.07747736835456802,0.6294470365093923,Medium Risk
Nữ,2003 - 2005,Vừa học vừa đi làm / thực tập,Hoàn toàn trực tiếp (đến trường / văn phòng ≥ 4 ngày/tuần),"Chủ yếu để giải trí (mạng xã hội, game, xem phim)",4,2,1,3,3,1,0,5,1,1,3,1,2,7,8,5,4,4,1.0,0.3333333333333333,0.6666666666666666,1.0,0.25,0.5185185185185185,0.0,0.6666666666666667,0.5,0.3333333333333335,0.875,0.75,0.2394367753444666,0.2843055682443591,0.06711742558406829,0.05279557609989226,0.6436553452727863,Medium Risk
Nữ,2006 - 2008,Học sinh THPT,Hoàn toàn trực tiếp (đến trường / văn phòng ≥ 4 ngày/tuần),Cân bằng cả học lẫn giải trí,4,2,3,3,0,1,2,4,1,2,3,0,0,2,8,5,2,4,1.0,0.6666666666666666,0.16666666666666666,1.0,0.75,0.4444444444444445,0.0,1.0,1.0,0.8888888888888888,0.625,0.75,0.2500392755603544,0.26173384649242665,0.07130393118349611,0.1124551353808659,0.695532188617143,Medium Risk
Nữ,2000 - 2002,Đã đi làm toàn thời gian,Hoàn toàn trực tiếp (đến trường / văn phòng ≥ 4 ngày/tuần),"Chủ yếu để giải trí (mạng xã hội, game, xem phim)",1,2,3,3,3,2,0,9,0,2,1,2,0,2,6,5,3,4,0.25,0.3333333333333333,0.8333333333333333,1.0,0.75,0.14814814814814817,0.6666666666666667,0.33333333333333337,1.0,0.8888888888888888,0.75,0.75,0.27642474947024387,0.19632151074278587,0.06857487331765931,0.1124551353808659,0.6537762689115549,Medium Risk
Nữ,2006 - 2008,Sinh viên đại học / cao đẳng (năm 3-4+),"Kết hợp hybrid (2-3 ngày trực tiếp, còn lại online/remote)",Cân bằng cả học lẫn giải trí,4,2,4,3,1,1,1,8,1,2,0,1,0,3,7,4,5,3,1.0,0.5,0.3333333333333333,1.0,1.0,0.29629629629629634,1.0,0.6666666666666667,1.0,0.7777777777777778,0.875,0.5,0.32681303607883144,0.267462428528485,0.11474629850707163,0.10902314379032521,0.8180449069047133,High Risk
Nam,2009 - 2012,Sinh viên đại học / cao đẳng (năm 1-2),"Kết hợp hybrid (2-3 ngày trực tiếp, còn lại online/remote)",Cân bằng cả học lẫn giải trí,4,1,3,3,1,1,0,4,3,1,3,2,2,3,5,4,5,3,1.0,0.16666666666666666,0.3333333333333333,1.0,0.75,0.7777777777777778,0.0,0.33333333333333337,0.5,0.7777777777777778,0.875,0.5,0.295126312060998,0.2566904772409702,0.07924881286942177,0.06652354246205505,0.697589144633445,Medium Risk
Nữ,2000 - 2002,Vừa học vừa đi làm / thực tập,Hoàn toàn trực tiếp (đến trường / văn phòng ≥ 4 ngày/tuần),Cân bằng cả học lẫn giải trí,1,2,4,3,3,3,2,5,3,2,3,0,2,8,8,3,3,5,0.25,0.6666666666666666,1.0,1.0,1.0,0.6296296296296297,0.0,1.0,0.5,0.22222222222222232,0.5,1.0,0.2630244369874337,0.21820801971011647,0.0876218240682774,0.049363584509351556,0.6182178652751792,Medium Risk
Nữ,2000 - 2002,Đã đi làm toàn thời gian,"Kết hợp hybrid (2-3 ngày trực tiếp, còn lại online/remote)","Chủ yếu để học (LMS, tài liệu, nghiên cứu)",1,1,1,3,2,0,0,2,0,3,1,1,3,6,6,3,4,4,0.25,0.16666666666666666,0.3333333333333333,1.0,0.25,0.2962962962962963,0.6666666666666667,0.6666666666666667,0.25,0.4444444444444444,0.625,0.75,0.18666582752468752,0.15759186205958123,0.09234285037882467,0.034977767026297873,0.4715783069893913,Low Risk
Nữ,2006 - 2008,Sinh viên đại học / cao đẳng (năm 1-2),Hoàn toàn trực tiếp (đến trường / văn phòng ≥ 4 ngày/tuần),Cân bằng cả học lẫn giải trí,1,2,3,3,3,3,3,7,1,1,0,1,3,5,10,3,5,3,0.25,0.8333333333333333,1.0,1.0,0.75,0.4444444444444445,1.0,0.6666666666666667,0.25,0.5555555555555556,0.75,0.5,0.26874083815110844,0.22359399535387386,0.12780061281489669,0.038409758616838575,0.6585452049367175,Medium Risk
Nữ,2009 - 2012,Sinh viên đại học / cao đẳng (năm 3-4+),Hoàn toàn trực tiếp (đến trường / văn phòng ≥ 4 ngày/tuần),Cân bằng cả học lẫn giải trí,1,2,1,3,0,0,3,1,1,1,3,2,0,8,10,3,3,4,0.25,0.8333333333333333,0.0,1.0,0.25,0.6666666666666666,0.0,0.33333333333333337,1.0,0.22222222222222232,0.5,0.75,0.16028035361479795,0.15690664927497935,0.069458077138553,0.09186318583762171,0.478508265865952,Low Risk
Nữ,2003 - 2005,Sinh viên đại học / cao đẳng (năm 1-2),"Kết hợp hybrid (2-3 ngày trực tiếp, còn lại online/remote)","Chủ yếu để học (LMS, tài liệu, nghiên cứu)",3,3,2,3,2,1,3,5,2,2,3,2,2,8,4,4,4,5,0.75,1.0,0.5,1.0,0.5,0.5185185185185186,0.0,0.33333333333333337,0.5,0.22222222222222232,0.75,1.0,0.25242193677154595,0.26170204141244324,0.05640376283072797,0.049363584509351556,0.6198913255240688,Medium Risk
Nữ,2000 - 2002,Sinh viên đại học / cao đẳng (năm 1-2),Hoàn toàn trực tiếp (đến trường / văn phòng ≥ 4 ngày/tuần),"Chủ yếu để học (LMS, tài liệu, nghiên cứu)",2,2,3,3,1,3,0,6,0,2,0,3,3,3,5,5,3,3,0.5,0.3333333333333333,0.6666666666666666,1.0,0.75,0.25925925925925924,1.0,0.0,0.25,0.7777777777777778,0.75,0.5,0.26874083815110844,0.21823982479009976,0.09005539442343471,0.04527374179791997,0.6223097991625629,Medium Risk
Nữ,2009 - 2012,Đã đi làm toàn thời gian,Hoàn toàn trực tiếp (đến trường / văn phòng ≥ 4 ngày/tuần),"Chủ yếu để học (LMS, tài liệu, nghiên cứu)",2,1,1,3,3,1,0,10,2,2,3,3,0,3,6,2,4,3,0.5,0.16666666666666666,0.6666666666666666,1.0,0.25,0.3333333333333333,0.0,0.0,1.0,0.7777777777777778,0.5,0.5,0.15259644229566252,0.21285384914634237,0.02937220719260633,0.10902314379032521,0.5038456424249365,Low Risk
Nam,2000 - 2002,Sinh viên đại học / cao đẳng (năm 1-2),Hoàn toàn trực tiếp (đến trường / văn phòng ≥ 4 ngày/tuần),"Chủ yếu để giải trí (mạng xã hội, game, xem phim)",3,1,4,3,3,1,0,7,1,3,0,1,1,6,3,5,3,4,0.75,0.16666666666666666,0.6666666666666666,1.0,1.0,0.22222222222222224,1.0,0.6666666666666667,0.75,0.4444444444444444,0.75,0.75,0.3081114734880773,0.24588672087347202,0.10821914135315912,0.07747736835456802,0.7396947040692764,High Risk
Nam,2000 - 2002,Học sinh THPT,Hoàn toàn trực tiếp (đến trường / văn phòng ≥ 4 ngày/tuần),"Chủ yếu để giải trí (mạng xã hội, game, xem phim)",1,3,4,3,2,1,0,7,3,2,0,2,3,8,8,5,4,2,0.25,0.5,0.5,1.0,1.0,0.5555555555555557,1.0,0.33333333333333337,0.25,0.22222222222222232,0.875,0.25,0.31912912475969596,0.17947837102691178,0.12687768579242514,0.02811378384521648,0.6535989654242493,Medium Risk
Nữ,2009 - 2012,Vừa học vừa đi làm / thực tập,Hoàn toàn trực tiếp (đến trường / văn phòng ≥ 4 ngày/tuần),Cân bằng cả học lẫn giải trí,2,2,3,3,3,1,1,5,2,2,2,3,1,4,7,4,3,5,0.5,0.5,0.6666666666666666,1.0,0.75,0.5185185185185186,0.33333333333333337,0.0,0.75,0.6666666666666667,0.625,1.0,0.2577231868794898,0.22362580043385716,0.0680935482056346,0.08434135153564942,0.6337838870546311,Medium Risk
Nam,2000 - 2002,Sinh viên đại học / cao đẳng (năm 3-4+),Hoàn toàn trực tiếp (đến trường / văn phòng ≥ 4 ngày/tuần),"Chủ yếu để học (LMS, tài liệu, nghiên cứu)",4,2,1,3,1,1,0,1,0,1,1,3,1,6,5,3,4,3,1.0,0.3333333333333333,0.3333333333333333,1.0,0.25,0.5555555555555556,0.6666666666666667,0.0,0.75,0.4444444444444444,0.625,0.5,0.1789819162055521,0.2620764528847276,0.09376057491083782,0.07747736835456802,0.6122963123556855,Low Risk
Nữ,2003 - 2005,Sinh viên đại học / cao đẳng (năm 1-2),"Kết hợp hybrid (2-3 ngày trực tiếp, còn lại online/remote)","Chủ yếu để học (LMS, tài liệu, nghiên cứu)",2,1,3,3,1,3,0,10,0,2,3,3,1,5,3,5,4,5,0.5,0.16666666666666666,0.6666666666666666,1.0,0.75,0.11111111111111112,0.0,0.0,0.75,0.5555555555555556,0.875,1.0,0.3104941346992689,0.21285384914634237,0.009790735730868777,0.08090935994510873,0.6140480795215887,Low Risk
Nữ,2003 - 2005,Sinh viên đại học / cao đẳng (năm 1-2),"Kết hợp hybrid (2-3 ngày trực tiếp, còn lại online/remote)","Chủ yếu để học (LMS, tài liệu, nghiên cứu)",2,1,4,3,3,2,1,5,0,1,0,2,2,8,10,3,3,5,0.5,0.3333333333333333,0.8333333333333333,1.0,1.0,0.40740740740740744,1.0,0.33333333333333337,0.5,0.22222222222222232,0.5,1.0,0.2630244369874337,0.22935438246991552,0.11382337148460007,0.049363584509351556,0.6555657754513008,Medium Risk
Nữ,2003 - 2005,Đã đi làm toàn thời gian,Hoàn toàn trực tiếp (đến trường / văn phòng ≥ 4 ngày/tuần),"Chủ yếu để học (LMS, tài liệu, nghiên cứu)",4,1,2,3,0,2,1,7,1,1,2,3,1,5,10,3,4,4,1.0,0.3333333333333333,0.3333333333333333,1.0,0.5,0.4444444444444445,0.33333333333333337,0.0,0.75,0.5555555555555556,0.625,0.75,0.21835255154252092,0.2620764528847276,0.061566391051722076,0.08090935994510873,0.6229047554240793,Medium Risk
Nam,2009 - 2012,Sinh viên đại học / cao đẳng (năm 3-4+),Hoàn toàn trực tiếp (đến trường / văn phòng ≥ 4 ngày/tuần),Cân bằng cả học lẫn giải trí,4,2,1,3,0,1,2,10,3,3,2,1,0,5,8,4,3,5,1.0,0.6666666666666666,0.16666666666666666,1.0,0.25,0.3333333333333333,0.33333333333333337,0.6666666666666667,1.0,0.5555555555555556,0.625,1.0,0.19434973884382298,0.26173384649242665,0.07320298082753397,0.10215916060924381,0.6314457267730273,Medium Risk
Nữ,2003 - 2005,Vừa học vừa đi làm / thực tập,Hoàn toàn trực tiếp (đến trường / văn phòng ≥ 4 ngày/tuần),Cân bằng cả học lẫn giải trí,2,2,4,3,3,0,0,5,0,1,2,2,2,4,6,3,5,4,0.5,0.3333333333333333,0.5,1.0,1.0,0.40740740740740744,0.33333333333333337,0.33333333333333337,0.5,0.6666666666666667,0.75,0.75,0.3081114734880773,0.207125267110284,0.06901647522810615,0.06309155087151436,0.6473447666979819,Medium Risk
Nữ,2009 - 2012,Sinh viên đại học / cao đẳng (năm 1-2),Hoàn toàn trực tiếp (đến trường / văn phòng ≥ 4 ngày/tuần),Cân bằng cả học lẫn giải trí,1,1,1,3,3,0,3,2,2,1,0,3,0,7,3,4,5,5,0.25,0.6666666666666666,0.5,1.0,0.25,0.7407407407407408,1.0,0.0,1.0,0.3333333333333335,0.875,1.0,0.24712068666360207,0.1848643466706692,0.1324819159238661,0.0952951774281624,0.6597621266862997,Medium Risk
Nam,2000 - 2002,Sinh viên đại học / cao đẳng (năm 1-2),Hoàn toàn trực tiếp (đến trường / văn phòng ≥ 4 ngày/tuần),"Chủ yếu để giải trí (mạng xã hội, game, xem phim)",1,1,2,3,2,1,0,2,2,1,1,1,3,5,7,3,4,5,0.25,0.16666666666666666,0.5,1.0,0.5,0.7407407407407408,0.6666666666666667,0.6666666666666667,0.25,0.5555555555555556,0.625,1.0,0.22603646286165638,0.16870641973939698,0.1315057933022998,0.038409758616838575,0.5646584345201918,Low Risk
Nam,2000 - 2002,Vừa học vừa đi làm / thực tập,Hoàn toàn trực tiếp (đến trường / văn phòng ≥ 4 ngày/tuần),Cân bằng cả học lẫn giải trí,4,1,4,3,1,3,2,5,3,3,1,1,0,8,10,3,4,3,1.0,0.5,0.6666666666666666,1.0,1.0,0.5185185185185185,0.6666666666666667,0.6666666666666667,1.0,0.22222222222222232,0.625,0.5,0.27404208825905235,0.2896915438881165,0.11192432184056222,0.09186318583762171,0.7675211398253527,High Risk
Nữ,2009 - 2012,Vừa học vừa đi làm / thực tập,Hoàn toàn trực tiếp (đến trường / văn phòng ≥ 4 ngày/tuần),"Chủ yếu để giải trí (mạng xã hội, game, xem phim)",3,1,4,3,2,1,2,9,0,1,3,2,3,5,5,3,4,2,0.75,0.5,0.5,1.0,1.0,0.2592592592592593,0.0,0.33333333333333337,0.25,0.5555555555555556,0.625,0.25,0.26635817693991687,0.24554411448117108,0.03355871279203415,0.038409758616838575,0.5838707628299608,Low Risk
Nữ,2003 - 2005,Sinh viên đại học / cao đẳng (năm 3-4+),Hoàn toàn trực tiếp (đến trường / văn phòng ≥ 4 ngày/tuần),Cân bằng cả học lẫn giải trí,1,2,3,3,0,3,0,5,2,1,3,2,1,4,8,4,5,2,0.25,0.3333333333333333,0.5,1.0,0.75,0.6296296296296297,0.0,0.33333333333333337,0.75,0.6666666666666667,0.875,0.25,0.2874424007418625,0.17409239538315438,0.06619449856159675,0.08434135153564942,0.6120706462222631,Low Risk
Nữ,1997 - 1999,Đã đi làm toàn thời gian,"Kết hợp hybrid (2-3 ngày trực tiếp, còn lại online/remote)","Chủ yếu để giải trí (mạng xã hội, game, xem phim)",3,1,3,3,1,1,1,5,1,1,3,3,0,2,7,5,4,2,0.75,0.3333333333333333,0.3333333333333333,1.0,0.75,0.5185185185185185,0.0,0.0,1.0,0.8888888888888888,0.875,0.25,0.2874424007418625,0.22904358115759793,0.04569010007738762,0.1124551353808659,0.674631217357714,Medium Risk
Nam,2003 - 2005,Sinh viên đại học / cao đẳng (năm 1-2),"Kết hợp hybrid (2-3 ngày trực tiếp, còn lại online/remote)","Chủ yếu để giải trí (mạng xã hội, game, xem phim)",3,3,1,3,1,1,2,5,2,3,2,0,3,7,4,5,3,5,0.75,0.8333333333333333,0.3333333333333333,1.0,0.25,0.40740740740740744,0.33333333333333337,1.0,0.25,0.3333333333333335,0.75,1.0,0.22073521275371252,0.24520150808887015,0.09044380073478682,0.03154577543575718,0.5879262970131267,Low Risk
Nam,2000 - 2002,Vừa học vừa đi làm / thực tập,"Kết hợp hybrid (2-3 ngày trực tiếp, còn lại online/remote)","Chủ yếu để giải trí (mạng xã hội, game, xem phim)",4,2,2,3,2,0,3,5,3,3,3,3,0,2,7,5,4,3,1.0,0.8333333333333333,0.3333333333333333,1.0,0.5,0.5185185185185185,0.0,0.0,1.0,0.8888888888888888,0.875,0.5,0.2634395880431646,0.2782343798159998,0.04569010007738762,0.1124551353808659,0.699819203317418,Medium Risk
Nữ,2000 - 2002,Đã đi làm toàn thời gian,"Kết hợp hybrid (2-3 ngày trực tiếp, còn lại online/remote)",Cân bằng cả học lẫn giải trí,1,2,2,3,2,3,3,7,2,1,1,2,3,2,3,3,4,4,0.25,0.8333333333333333,0.8333333333333333,1.0,0.5,0.5555555555555556,0.6666666666666667,0.33333333333333337,0.25,0.8888888888888888,0.625,0.75,0.21835255154252092,0.21247943767405808,0.10447423766417815,0.048705733388460674,0.5840119602692178,Low Risk
Nữ,2006 - 2008,Sinh viên đại học / cao đẳng (năm 3-4+),Hoàn toàn trực tiếp (đến trường / văn phòng ≥ 4 ngày/tuần),Cân bằng cả học lẫn giải trí,3,2,2,3,2,1,1,5,2,3,3,3,1,4,5,5,4,3,0.75,0.5,0.5,1.0,0.5,0.40740740740740744,0.0,0.0,0.75,0.6666666666666667,0.875,0.5,0.2634395880431646,0.24554411448117108,0.03589936434651885,0.08434135153564942,0.6292244184065039,Medium Risk
Nữ,2000 - 2002,Sinh viên đại học / cao đẳng (năm 1-2),"Kết hợp hybrid (2-3 ngày trực tiếp, còn lại online/remote)","Chủ yếu để giải trí (mạng xã hội, game, xem phim)",4,3,2,3,2,3,1,6,0,3,1,1,2,6,5,3,4,4,1.0,0.6666666666666666,0.8333333333333333,1.0,0.5,0.14814814814814814,0.6666666666666667,0.6666666666666667,0.5,0.4444444444444444,0.625,0.75,0.21835255154252092,0.3061920772116896,0.07928853607099964,0.05622756769043295,0.6600607325156431,Medium Risk
Nữ,2003 - 2005,Sinh viên đại học / cao đẳng (năm 3-4+),Hoàn toàn trực tiếp (đến trường / văn phòng ≥ 4 ngày/tuần),"Chủ yếu để giải trí (mạng xã hội, game, xem phim)",2,2,1,3,3,3,0,8,1,3,3,3,3,3,8,5,4,3,0.5,0.3333333333333333,1.0,1.0,0.25,0.1851851851851852,0.0,0.0,0.25,0.7777777777777778,0.875,0.5,0.23175286402533118,0.24046894014973125,0.016317892884781297,0.04527374179791997,0.5338134388577637,Low Risk
Nữ,1997 - 1999,Học sinh THPT,"Kết hợp hybrid (2-3 ngày trực tiếp, còn lại online/remote)","Chủ yếu để giải trí (mạng xã hội, game, xem phim)",2,3,2,3,1,0,0,4,2,1,3,2,1,5,6,4,4,4,0.5,0.5,0.16666666666666666,1.0,0.5,0.6666666666666666,0.0,0.33333333333333337,0.75,0.5555555555555556,0.75,0.75,0.24473802545241047,0.19028212739440992,0.069458077138553,0.08090935994510873,0.5853875899304821,Low Risk
Nữ,2000 - 2002,Vừa học vừa đi làm / thực tập,"Kết hợp hybrid (2-3 ngày trực tiếp, còn lại online/remote)",Cân bằng cả học lẫn giải trí,2,3,1,3,3,1,0,1,2,3,3,1,0,7,3,3,3,2,0.5,0.5,0.6666666666666666,1.0,0.25,0.5555555555555555,0.0,0.6666666666666667,1.0,0.3333333333333335,0.5,0.25,0.14491253097652707,0.22362580043385716,0.07038100416102455,0.0952951774281624,0.5342145129995712,Low Risk
Nữ,2000 - 2002,Đã đi làm toàn thời gian,"Kết hợp hybrid (2-3 ngày trực tiếp, còn lại online/remote)",Cân bằng cả học lẫn giải trí,1,1,2,3,3,0,2,1,1,1,1,2,1,8,3,3,4,4,0.25,0.5,0.5,1.0,0.5,0.6666666666666666,0.6666666666666667,0.33333333333333337,0.75,0.22222222222222232,0.625,0.75,0.21835255154252092,0.17947837102691178,0.11426497339504693,0.07061338517348663,0.5827092811379663,Low Risk
Nữ,2000 - 2002,Sinh viên đại học / cao đẳng (năm 3-4+),"Kết hợp hybrid (2-3 ngày trực tiếp, còn lại online/remote)",Cân bằng cả học lẫn giải trí,2,3,1,3,2,3,3,1,3,2,2,0,0,2,8,3,5,2,0.5,1.0,0.8333333333333333,1.0,0.25,0.7777777777777778,0.33333333333333337,1.0,1.0,0.8888888888888888,0.75,0.25,0.19768347879630618,0.25089828504494516,0.1230795865043494,0.1124551353808659,0.6841164857264667,Medium Risk
Nữ,2006 - 2008,Sinh viên đại học / cao đẳng (năm 1-2),"Kết hợp hybrid (2-3 ngày trực tiếp, còn lại online/remote)",Cân bằng cả học lẫn giải trí,3,2,4,3,0,3,0,8,3,3,1,0,1,6,8,3,4,2,0.75,0.3333333333333333,0.5,1.0,1.0,0.40740740740740744,0.6666666666666667,1.0,0.75,0.4444444444444444,0.625,0.25,0.26635817693991687,0.24015813883741366,0.11284724886303378,0.07747736835456802,0.6968409329949322,Medium Risk
Nam,2006 - 2008,Học sinh THPT,Hoàn toàn trực tiếp (đến trường / văn phòng ≥ 4 ngày/tuần),Cân bằng cả học lẫn giải trí,4,2,3,3,2,2,3,5,2,1,3,0,0,6,7,4,3,4,1.0,0.8333333333333333,0.6666666666666666,1.0,0.75,0.6296296296296297,0.0,1.0,1.0,0.4444444444444444,0.625,0.75,0.2500392755603544,0.3004634951756313,0.0876218240682774,0.0987271690187031,0.7368517638229661,High Risk
Nữ,2003 - 2005,Sinh viên đại học / cao đẳng (năm 3-4+),Hoàn toàn trực tiếp (đến trường / văn phòng ≥ 4 ngày/tuần),"Chủ yếu để giải trí (mạng xã hội, game, xem phim)",2,2,1,3,0,3,2,7,2,3,1,1,1,5,5,4,3,4,0.5,0.6666666666666666,0.5,1.0,0.25,0.3333333333333333,0.6666666666666667,0.6666666666666667,0.75,0.5555555555555556,0.625,0.75,0.18666582752468752,0.21789721839779883,0.09560642895578093,0.08090935994510873,0.5810788348233761,Low Risk
Nữ,2003 - 2005,Vừa học vừa đi làm / thực tập,"Kết hợp hybrid (2-3 ngày trực tiếp, còn lại online/remote)","Chủ yếu để giải trí (mạng xã hội, game, xem phim)",4,3,3,3,3,1,2,2,0,2,0,1,0,5,4,5,3,2,1.0,0.8333333333333333,0.6666666666666666,1.0,0.75,0.40740740740740744,1.0,0.6666666666666667,1.0,0.5555555555555556,0.75,0.25,0.26105692683197296,0.3004634951756313,0.12453703423794041,0.10215916060924381,0.7882166168547884,High Risk
Nam,2009 - 2012,Sinh viên đại học / cao đẳng (năm 3-4+),Hoàn toàn trực tiếp (đến trường / văn phòng ≥ 4 ngày/tuần),"Chủ yếu để giải trí (mạng xã hội, game, xem phim)",2,2,2,3,3,1,1,4,3,3,1,2,2,2,4,3,5,4,0.5,0.5,0.6666666666666666,1.0,0.5,0.5555555555555556,0.6666666666666667,0.33333333333333337,0.5,0.8888888888888888,0.75,0.75,0.24473802545241047,0.22362580043385716,0.10447423766417815,0.06995553405259575,0.6427935976030414,Medium Risk
Nam,2003 - 2005,Vừa học vừa đi làm / thực tập,Hoàn toàn trực tiếp (đến trường / văn phòng ≥ 4 ngày/tuần),Cân bằng cả học lẫn giải trí,3,1,1,3,1,1,0,1,2,2,0,1,1,7,7,3,5,3,0.75,0.16666666666666666,0.3333333333333333,1.0,0.25,0.6666666666666666,1.0,0.6666666666666667,0.75,0.3333333333333335,0.75,0.5,0.20536739011544164,0.22365760551384054,0.1473820842766342,0.07404537676402732,0.6504524566699438,Medium Risk
Nam,2003 - 2005,Sinh viên đại học / cao đẳng (năm 1-2),"Kết hợp hybrid (2-3 ngày trực tiếp, còn lại online/remote)",Cân bằng cả học lẫn giải trí,3,3,3,3,2,0,0,8,3,3,0,0,3,6,5,4,3,5,0.75,0.5,0.3333333333333333,1.0,0.75,0.40740740740740744,1.0,1.0,0.25,0.4444444444444444,0.625,1.0,0.2577231868794898,0.23442955680135535,0.13525069699128073,0.034977767026297873,0.6623812076984237,Medium Risk
Nữ,2006 - 2008,Sinh viên đại học / cao đẳng (năm 1-2),Hoàn toàn trực tiếp (đến trường / văn phòng ≥ 4 ngày/tuần),Cân bằng cả học lẫn giải trí,2,3,1,3,2,3,2,1,2,1,0,0,1,7,6,5,4,5,0.5,0.8333333333333333,0.8333333333333333,1.0,0.25,0.7777777777777777,1.0,1.0,0.75,0.3333333333333335,0.875,1.0,0.24712068666360207,0.24551230940118773,0.16788648276084334,0.07404537676402732,0.7345648555896606,High Risk
Nữ,1997 - 1999,Sinh viên đại học / cao đẳng (năm 3-4+),Hoàn toàn trực tiếp (đến trường / văn phòng ≥ 4 ngày/tuần),Cân bằng cả học lẫn giải trí,1,2,1,3,0,3,1,1,2,3,1,0,3,6,3,4,3,3,0.25,0.5,0.5,1.0,0.25,0.5555555555555555,0.6666666666666667,1.0,0.25,0.4444444444444444,0.625,0.5,0.1789819162055521,0.17947837102691178,0.12590156317085882,0.034977767026297873,0.5193396174296205,Low Risk
Nữ,2006 - 2008,Học sinh THPT,Hoàn toàn trực tiếp (đến trường / văn phòng ≥ 4 ngày/tuần),Cân bằng cả học lẫn giải trí,4,2,1,3,1,0,1,7,3,1,3,1,2,5,7,3,4,5,1.0,0.5,0.16666666666666666,1.0,0.25,0.6666666666666666,0.0,0.6666666666666667,0.5,0.5555555555555556,0.625,1.0,0.19434973884382298,0.2563478708486692,0.08017173989189333,0.05965955928097365,0.5905289088653591,Low Risk
Nữ,2000 - 2002,Vừa học vừa đi làm / thực tập,"Kết hợp hybrid (2-3 ngày trực tiếp, còn lại online/remote)","Chủ yếu để giải trí (mạng xã hội, game, xem phim)",4,1,3,3,1,0,2,2,3,2,1,0,3,7,6,3,3,2,1.0,0.5,0.16666666666666666,1.0,0.75,0.7407407407407408,0.6666666666666667,1.0,0.25,0.3333333333333335,0.5,0.25,0.2082859790121939,0.2563478708486692,0.14221945605564013,0.03154577543575718,0.6383990813522604,Medium Risk
Nữ,2006 - 2008,Học sinh THPT,"Kết hợp hybrid (2-3 ngày trực tiếp, còn lại online/remote)",Cân bằng cả học lẫn giải trí,1,2,2,3,2,0,3,5,3,3,3,1,2,4,6,4,3,3,0.25,0.8333333333333333,0.3333333333333333,1.0,0.5,0.5185185185185185,0.0,0.6666666666666667,0.5,0.6666666666666667,0.625,0.5,0.2106686402233855,0.17913576463461084,0.06711742558406829,0.06309155087151436,0.520013381313579,Low Risk
Nam,2003 - 2005,Đã đi làm toàn thời gian,Hoàn toàn trực tiếp (đến trường / văn phòng ≥ 4 ngày/tuần),"Chủ yếu để giải trí (mạng xã hội, game, xem phim)",1,1,4,3,3,1,3,6,2,2,0,0,1,5,6,4,5,3,0.25,0.6666666666666666,0.6666666666666666,1.0,1.0,0.48148148148148157,1.0,1.0,0.75,0.5555555555555556,0.875,0.5,0.32681303607883144,0.19597890435048496,0.14177785414519328,0.08090935994510873,0.7454791545196184,High Risk
Nữ,2000 - 2002,Sinh viên đại học / cao đẳng (năm 1-2),"Kết hợp hybrid (2-3 ngày trực tiếp, còn lại online/remote)",Cân bằng cả học lẫn giải trí,4,3,4,3,2,3,0,7,2,1,2,1,2,4,6,5,5,3,1.0,0.5,0.8333333333333333,1.0,1.0,0.5555555555555556,0.33333333333333337,0.6666666666666667,0.5,0.6666666666666667,1.0,0.5,0.353198509988721,0.30080610156793225,0.09278445228927151,0.06309155087151436,0.8098806147174391,High Risk
Nam,2006 - 2008,Đã đi làm toàn thời gian,Hoàn toàn trực tiếp (đến trường / văn phòng ≥ 4 ngày/tuần),"Chủ yếu để giải trí (mạng xã hội, game, xem phim)",4,1,2,3,3,2,2,5,3,2,1,2,3,5,4,3,5,5,1.0,0.5,0.8333333333333333,1.0,0.5,0.6296296296296297,0.6666666666666667,0.33333333333333337,0.25,0.5555555555555556,0.75,1.0,0.25242193677154595,0.30080610156793225,0.11100139481809067,0.038409758616838575,0.7026391917744075,High Risk
Nữ,2006 - 2008,Sinh viên đại học / cao đẳng (năm 3-4+),Hoàn toàn trực tiếp (đến trường / văn phòng ≥ 4 ngày/tuần),Cân bằng cả học lẫn giải trí,4,3,3,3,1,2,2,2,1,1,1,0,3,7,3,3,3,4,1.0,0.8333333333333333,0.5,1.0,0.75,0.6296296296296297,0.6666666666666667,1.0,0.25,0.3333333333333335,0.5,0.75,0.22365380165046478,0.28934893749581553,0.13242872032477132,0.03154577543575718,0.676977234906809,Medium Risk
Nam,2006 - 2008,Học sinh THPT,"Kết hợp hybrid (2-3 ngày trực tiếp, còn lại online/remote)",Cân bằng cả học lẫn giải trí,3,3,4,3,1,0,0,5,3,2,3,1,2,4,5,3,4,3,0.75,0.5,0.16666666666666666,1.0,1.0,0.6296296296296297,0.0,0.6666666666666667,0.5,0.6666666666666667,0.625,0.5,0.27404208825905235,0.22331499912153957,0.07690816131493708,0.06309155087151436,0.6373567995670433,Medium Risk
Nam,2006 - 2008,Vừa học vừa đi làm / thực tập,"Kết hợp hybrid (2-3 ngày trực tiếp, còn lại online/remote)","Chủ yếu để giải trí (mạng xã hội, game, xem phim)",3,3,1,3,0,3,2,1,3,2,1,0,2,5,5,5,5,4,0.75,0.8333333333333333,0.5,1.0,0.25,0.7777777777777778,0.6666666666666667,1.0,0.5,0.5555555555555556,1.0,0.75,0.26582224925435616,0.2563160657686859,0.14548303463259638,0.05965955928097365,0.7272809089366121,High Risk
Nam,2003 - 2005,Sinh viên đại học / cao đẳng (năm 1-2),"Kết hợp hybrid (2-3 ngày trực tiếp, còn lại online/remote)","Chủ yếu để giải trí (mạng xã hội, game, xem phim)",1,3,4,3,1,2,3,1,1,3,0,2,3,8,6,3,3,2,0.25,1.0,0.5,1.0,1.0,0.4444444444444444,1.0,0.33333333333333337,0.25,0.22222222222222232,0.5,0.25,0.23997270303002735,0.195636297958184,0.11708695006155634,0.02811378384521648,0.5808097348949841,Low Risk
Nam,2000 - 2002,Vừa học vừa đi làm / thực tập,Hoàn toàn trực tiếp (đến trường / văn phòng ≥ 4 ngày/tuần),Cân bằng cả học lẫn giải trí,3,3,1,3,3,0,0,5,2,3,1,1,3,7,4,5,4,3,0.75,0.5,0.5,1.0,0.25,0.40740740740740744,0.6666666666666667,0.6666666666666667,0.25,0.3333333333333335,0.875,0.5,0.23175286402533118,0.24554411448117108,0.10213358610969345,0.03154577543575718,0.6109763400519529,Low Risk
Nam,2006 - 2008,Vừa học vừa đi làm / thực tập,Hoàn toàn trực tiếp (đến trường / văn phòng ≥ 4 ngày/tuần),Cân bằng cả học lẫn giải trí,3,2,3,3,1,2,0,2,3,1,1,2,2,8,3,4,5,2,0.75,0.3333333333333333,0.5,1.0,0.75,0.8518518518518517,0.6666666666666667,0.33333333333333337,0.5,0.22222222222222232,0.875,0.25,0.2874424007418625,0.24015813883741366,0.13058286627982824,0.049363584509351556,0.707546990368456,High Risk
Nam,2003 - 2005,Vừa học vừa đi làm / thực tập,Hoàn toàn trực tiếp (đến trường / văn phòng ≥ 4 ngày/tuần),"Chủ yếu để giải trí (mạng xã hội, game, xem phim)",4,1,4,3,3,3,2,4,1,1,3,0,0,8,6,5,5,2,1.0,0.5,1.0,1.0,1.0,0.5555555555555556,0.0,1.0,1.0,0.22222222222222232,1.0,0.25,0.3455145986695855,0.311920659247748,0.08109466691436489,0.09186318583762171,0.8303931106693201,High Risk
Nam,2006 - 2008,Vừa học vừa đi làm / thực tập,Hoàn toàn trực tiếp (đến trường / văn phòng ≥ 4 ngày/tuần),"Chủ yếu để giải trí (mạng xã hội, game, xem phim)",4,3,1,3,3,3,0,1,1,3,0,2,3,4,4,4,3,2,1.0,0.5,1.0,1.0,0.25,0.4444444444444444,1.0,0.33333333333333337,0.25,0.6666666666666667,0.625,0.25,0.17129800488641664,0.311920659247748,0.11708695006155634,0.04184175020737928,0.6421473644031002,Medium Risk
Nam,2006 - 2008,Vừa học vừa đi làm / thực tập,"Kết hợp hybrid (2-3 ngày trực tiếp, còn lại online/remote)","Chủ yếu để giải trí (mạng xã hội, game, xem phim)",4,1,2,3,2,2,1,8,2,3,3,1,0,8,4,5,4,3,1.0,0.3333333333333333,0.6666666666666666,1.0,0.5,0.29629629629629634,0.0,0.6666666666666667,1.0,0.22222222222222232,0.875,0.5,0.2634395880431646,0.2843055682443591,0.04753595412233075,0.09186318583762171,0.6871442962474763,Medium Risk
Nữ,2003 - 2005,Sinh viên đại học / cao đẳng (năm 3-4+),"Kết hợp hybrid (2-3 ngày trực tiếp, còn lại online/remote)","Chủ yếu để giải trí (mạng xã hội, game, xem phim)",2,2,3,3,2,3,0,5,3,3,2,2,0,3,5,3,3,5,0.5,0.3333333333333333,0.8333333333333333,1.0,0.75,0.5185185185185185,0.33333333333333337,0.33333333333333337,1.0,0.7777777777777778,0.5,1.0,0.23133771296960023,0.22935438246991552,0.07880721095897493,0.10902314379032521,0.6485224501888158,Medium Risk
Nữ,2003 - 2005,Học sinh THPT,Hoàn toàn trực tiếp (đến trường / văn phòng ≥ 4 ngày/tuần),Cân bằng cả học lẫn giải trí,4,2,3,3,1,2,2,1,2,3,1,0,3,3,3,4,5,3,1.0,0.6666666666666666,0.5,1.0,0.75,0.5555555555555555,0.6666666666666667,1.0,0.25,0.7777777777777778,0.875,0.5,0.295126312060998,0.2839629618520581,0.12590156317085882,0.04527374179791997,0.7502645788818348,High Risk
Nam,2000 - 2002,Học sinh THPT,Hoàn toàn trực tiếp (đến trường / văn phòng ≥ 4 ngày/tuần),Cân bằng cả học lẫn giải trí,2,2,2,3,2,2,0,5,1,3,2,2,1,4,8,3,4,3,0.5,0.3333333333333333,0.6666666666666666,1.0,0.5,0.2962962962962963,0.33333333333333337,0.33333333333333337,0.75,0.6666666666666667,0.625,0.5,0.2106686402233855,0.21823982479009976,0.059225739497237376,0.08434135153564942,0.572475556046372,Low Risk
Nam,2006 - 2008,Vừa học vừa đi làm / thực tập,Hoàn toàn trực tiếp (đến trường / văn phòng ≥ 4 ngày/tuần),Cân bằng cả học lẫn giải trí,1,1,2,3,3,2,0,1,2,3,1,1,3,6,4,3,3,2,0.25,0.16666666666666666,0.8333333333333333,1.0,0.5,0.5555555555555555,0.6666666666666667,0.6666666666666667,0.25,0.4444444444444444,0.5,0.25,0.1765992549943605,0.19093553509902847,0.11518790041751847,0.034977767026297873,0.5177004575372053,Low Risk
Nam,2003 - 2005,Vừa học vừa đi làm / thực tập,"Kết hợp hybrid (2-3 ngày trực tiếp, còn lại online/remote)",Cân bằng cả học lẫn giải trí,3,1,2,3,2,2,0,4,1,3,0,1,2,5,8,5,3,5,0.75,0.16666666666666666,0.6666666666666666,1.0,0.5,0.3333333333333333,1.0,0.6666666666666667,0.5,0.5555555555555556,0.75,1.0,0.25242193677154595,0.24588672087347202,0.1180098770840279,0.05965955928097365,0.6759780940100195,Medium Risk
Nam,2003 - 2005,Sinh viên đại học / cao đẳng (năm 1-2),Hoàn toàn trực tiếp (đến trường / văn phòng ≥ 4 ngày/tuần),Cân bằng cả học lẫn giải trí,3,3,3,3,1,1,2,4,1,2,2,0,0,3,4,5,3,5,0.75,0.8333333333333333,0.3333333333333333,1.0,0.75,0.4444444444444445,0.33333333333333337,1.0,1.0,0.7777777777777778,0.75,1.0,0.28410866078937935,0.24520150808887015,0.09370737931174308,0.10902314379032521,0.7320406919803178,High Risk
Nữ,2003 - 2005,Sinh viên đại học / cao đẳng (năm 1-2),Hoàn toàn trực tiếp (đến trường / văn phòng ≥ 4 ngày/tuần),Cân bằng cả học lẫn giải trí,1,3,2,3,2,2,2,6,3,2,2,0,3,5,8,5,5,3,0.25,0.8333333333333333,0.6666666666666666,1.0,0.5,0.5925925925925926,0.33333333333333337,1.0,0.25,0.5555555555555556,1.0,0.5,0.28982506195305413,0.20136487999424235,0.10676169361956811,0.038409758616838575,0.6363613941837032,Medium Risk
Nam,2006 - 2008,Vừa học vừa đi làm / thực tập,"Kết hợp hybrid (2-3 ngày trực tiếp, còn lại online/remote)",Cân bằng cả học lẫn giải trí,4,2,4,3,1,1,1,6,3,3,3,2,2,4,5,3,3,4,1.0,0.5,0.3333333333333333,1.0,1.0,0.48148148148148145,0.0,0.33333333333333337,0.5,0.6666666666666667,0.5,0.75,0.25534052566829823,0.267462428528485,0.0531401842537717,0.06309155087151436,0.6390346893220693,Medium Risk
Nam,2006 - 2008,Sinh viên đại học / cao đẳng (năm 3-4+),Hoàn toàn trực tiếp (đến trường / văn phòng ≥ 4 ngày/tuần),Cân bằng cả học lẫn giải trí,3,1,3,3,3,1,0,4,2,2,0,0,0,6,7,4,3,4,0.75,0.16666666666666666,0.6666666666666666,1.0,0.75,0.5555555555555557,1.0,1.0,1.0,0.4444444444444444,0.625,0.75,0.2500392755603544,0.24588672087347202,0.14830501129910578,0.0987271690187031,0.7429581767516353,High Risk
Nam,2000 - 2002,Học sinh THPT,Hoàn toàn trực tiếp (đến trường / văn phòng ≥ 4 ngày/tuần),Cân bằng cả học lẫn giải trí,4,2,1,3,3,2,0,4,2,3,0,2,1,3,5,3,4,5,1.0,0.3333333333333333,0.8333333333333333,1.0,0.25,0.4444444444444445,1.0,0.33333333333333337,0.75,0.7777777777777778,0.625,1.0,0.19434973884382298,0.2954201259241748,0.11708695006155634,0.08777334312619012,0.6946301579557442,Medium Risk
Nữ,2000 - 2002,Sinh viên đại học / cao đẳng (năm 1-2),Hoàn toàn trực tiếp (đến trường / văn phòng ≥ 4 ngày/tuần),"Chủ yếu để giải trí (mạng xã hội, game, xem phim)",1,3,2,3,3,3,0,5,1,1,3,1,3,4,3,4,3,3,0.25,0.5,1.0,1.0,0.5,0.5185185185185185,0.0,0.6666666666666667,0.25,0.6666666666666667,0.625,0.5,0.2106686402233855,0.21282204406635907,0.06711742558406829,0.04184175020737928,0.5324498600811921,Low Risk
Nam,2000 - 2002,Sinh viên đại học / cao đẳng (năm 3-4+),Hoàn toàn trực tiếp (đến trường / văn phòng ≥ 4 ngày/tuần),Cân bằng cả học lẫn giải trí,3,2,3,3,0,1,3,4,2,2,1,2,0,4,8,5,4,5,0.75,0.8333333333333333,0.16666666666666666,1.0,0.75,0.5555555555555557,0.6666666666666667,0.33333333333333337,1.0,0.6666666666666667,0.875,1.0,0.3104941346992689,0.2340869504090544,0.10447423766417817,0.1055911521997845,0.754646474972286,High Risk
Nữ,2003 - 2005,Học sinh THPT,Hoàn toàn trực tiếp (đến trường / văn phòng ≥ 4 ngày/tuần),Cân bằng cả học lẫn giải trí,1,3,4,3,2,1,3,4,2,1,1,0,0,7,8,5,5,5,0.25,1.0,0.5,1.0,1.0,0.6666666666666666,0.6666666666666667,1.0,1.0,0.3333333333333335,1.0,1.0,0.3685663326269919,0.195636297958184,0.1356922989017276,0.0952951774281624,0.795190106915066,High Risk
Nữ,2006 - 2008,Sinh viên đại học / cao đẳng (năm 3-4+),Hoàn toàn trực tiếp (đến trường / văn phòng ≥ 4 ngày/tuần),Cân bằng cả học lẫn giải trí,1,1,4,3,3,1,1,7,1,2,1,1,1,3,4,5,5,4,0.25,0.3333333333333333,0.6666666666666666,1.0,1.0,0.3333333333333333,0.6666666666666667,0.6666666666666667,0.75,0.7777777777777778,1.0,0.75,0.3608824213078564,0.18520695306297014,0.09560642895578093,0.08777334312619012,0.7294691464527977,High Risk
Nam,2000 - 2002,Học sinh THPT,Hoàn toàn trực tiếp (đến trường / văn phòng ≥ 4 ngày/tuần),Cân bằng cả học lẫn giải trí,3,2,1,3,1,2,2,7,1,3,1,2,2,6,8,3,3,4,0.75,0.6666666666666666,0.5,1.0,0.25,0.22222222222222224,0.6666666666666667,0.33333333333333337,0.5,0.4444444444444444,0.5,0.75,0.16028035361479795,0.25093009012492845,0.07510203047157182,0.05622756769043295,0.5425400419017311,Low Risk
Nữ,2003 - 2005,Học sinh THPT,Hoàn toàn trực tiếp (đến trường / văn phòng ≥ 4 ngày/tuần),Cân bằng cả học lẫn giải trí,4,3,2,3,2,1,2,4,2,2,1,1,0,7,4,5,4,2,1.0,0.8333333333333333,0.5,1.0,0.5,0.5555555555555557,0.6666666666666667,0.6666666666666667,1.0,0.3333333333333335,0.875,0.25,0.2557556767240291,0.28934893749581553,0.1151879004175185,0.0952951774281624,0.7555876920655255,High Risk
Nữ,2003 - 2005,Sinh viên đại học / cao đẳng (năm 1-2),Hoàn toàn trực tiếp (đến trường / văn phòng ≥ 4 ngày/tuần),Cân bằng cả học lẫn giải trí,1,2,3,3,3,2,2,7,1,2,0,0,0,4,7,3,5,2,0.25,0.6666666666666666,0.8333333333333333,1.0,0.75,0.3333333333333333,1.0,1.0,1.0,0.6666666666666667,0.75,0.25,0.26105692683197296,0.20709346203030068,0.12872353983736823,0.1055911521997845,0.7024650808994264,High Risk
Nữ,2006 - 2008,Học sinh THPT,Hoàn toàn trực tiếp (đến trường / văn phòng ≥ 4 ngày/tuần),Cân bằng cả học lẫn giải trí,4,2,4,3,2,2,2,1,2,1,2,2,0,4,8,3,3,2,1.0,0.6666666666666666,0.6666666666666666,1.0,1.0,0.7777777777777777,0.33333333333333337,0.33333333333333337,1.0,0.6666666666666667,0.5,0.25,0.23997270303002735,0.2950775195318739,0.10165226099766873,0.1055911521997845,0.7422936357593546,High Risk
Nam,2006 - 2008,Sinh viên đại học / cao đẳng (năm 3-4+),Hoàn toàn trực tiếp (đến trường / văn phòng ≥ 4 ngày/tuần),Cân bằng cả học lẫn giải trí,1,3,3,3,3,3,0,1,3,1,3,0,2,8,3,4,4,2,0.25,0.5,1.0,1.0,0.75,0.888888888888889,0.0,1.0,0.5,0.22222222222222232,0.75,0.25,0.26105692683197296,0.21282204406635907,0.11046687410697122,0.049363584509351556,0.6337094295146548,Medium Risk
Nữ,2006 - 2008,Sinh viên đại học / cao đẳng (năm 3-4+),Hoàn toàn trực tiếp (đến trường / văn phòng ≥ 4 ngày/tuần),Cân bằng cả học lẫn giải trí,1,1,4,3,0,2,0,6,3,3,3,2,3,4,5,5,3,4,0.25,0.16666666666666666,0.3333333333333333,1.0,1.0,0.48148148148148145,0.0,0.33333333333333337,0.25,0.6666666666666667,0.75,0.75,0.3081114734880773,0.15759186205958123,0.0531401842537717,0.04184175020737928,0.5606852700088094,Low Risk
Nam,2006 - 2008,Sinh viên đại học / cao đẳng (năm 1-2),Hoàn toàn trực tiếp (đến trường / văn phòng ≥ 4 ngày/tuần),Cân bằng cả học lẫn giải trí,4,1,2,3,0,1,1,5,3,1,2,1,0,7,7,3,4,5,1.0,0.3333333333333333,0.16666666666666666,1.0,0.5,0.7407407407407408,0.33333333333333337,0.6666666666666667,1.0,0.3333333333333335,0.625,1.0,0.22603646286165638,0.25096189520491186,0.10910234517405282,0.0952951774281624,0.6813958806687834,Medium Risk
Nữ,2003 - 2005,Sinh viên đại học / cao đẳng (năm 3-4+),Hoàn toàn trực tiếp (đến trường / văn phòng ≥ 4 ngày/tuần),Cân bằng cả học lẫn giải trí,3,2,4,3,2,1,0,5,3,3,1,1,2,7,5,4,3,5,0.75,0.3333333333333333,0.5,1.0,1.0,0.5185185185185185,0.6666666666666667,0.6666666666666667,0.5,0.3333333333333335,0.625,1.0,0.28940991089732326,0.24015813883741366,0.11192432184056222,0.05279557609989226,0.6942879476751914,Medium Risk
Nam,2000 - 2002,Học sinh THPT,Hoàn toàn trực tiếp (đến trường / văn phòng ≥ 4 ngày/tuần),Cân bằng cả học lẫn giải trí,3,3,2,3,0,1,1,8,2,3,2,2,1,8,4,4,5,4,0.75,0.6666666666666666,0.16666666666666666,1.0,0.5,0.29629629629629634,0.33333333333333337,0.33333333333333337,0.75,0.22222222222222232,0.875,0.75,0.2711234993623,0.228700974765297,0.059225739497237376,0.07061338517348663,0.629663598798321,Medium Risk
Nam,2003 - 2005,Sinh viên đại học / cao đẳng (năm 3-4+),Hoàn toàn trực tiếp (đến trường / văn phòng ≥ 4 ngày/tuần),Cân bằng cả học lẫn giải trí,1,3,4,3,0,1,3,7,2,2,0,1,1,3,5,3,3,5,0.25,1.0,0.16666666666666666,1.0,1.0,0.4444444444444445,1.0,0.6666666666666667,0.75,0.7777777777777778,0.5,1.0,0.2630244369874337,0.1734071825985525,0.12780061281489669,0.08777334312619012,0.652005575527073,Medium Risk
Nữ,2006 - 2008,Học sinh THPT,Hoàn toàn trực tiếp (đến trường / văn phòng ≥ 4 ngày/tuần),Cân bằng cả học lẫn giải trí,1,2,2,3,0,2,3,8,2,3,3,0,0,7,5,4,4,3,0.25,0.8333333333333333,0.3333333333333333,1.0,0.5,0.29629629629629634,0.0,1.0,1.0,0.3333333333333335,0.75,0.5,0.23705411413327504,0.17913576463461084,0.058249616875671074,0.0952951774281624,0.5697346730717194,Low Risk
Nữ,2003 - 2005,Học sinh THPT,Hoàn toàn trực tiếp (đến trường / văn phòng ≥ 4 ngày/tuần),Cân bằng cả học lẫn giải trí,3,3,1,3,1,1,2,5,3,2,1,0,2,3,5,3,4,3,0.75,0.8333333333333333,0.3333333333333333,1.0,0.25,0.6296296296296297,0.6666666666666667,1.0,0.5,0.7777777777777778,0.625,0.5,0.1789819162055521,0.24520150808887015,0.13242872032477132,0.06652354246205505,0.6231356870812487,Medium Risk
Nữ,2000 - 2002,Học sinh THPT,Hoàn toàn trực tiếp (đến trường / văn phòng ≥ 4 ngày/tuần),Cân bằng cả học lẫn giải trí,4,2,1,3,0,2,2,5,2,1,0,2,3,7,5,5,5,5,1.0,0.6666666666666666,0.3333333333333333,1.0,0.25,0.6296296296296297,1.0,0.33333333333333337,0.25,0.3333333333333335,1.0,1.0,0.27350616057349164,0.2728484041722424,0.13340484294633764,0.03154577543575718,0.7113051831278289,High Risk
Nam,2006 - 2008,Sinh viên đại học / cao đẳng (năm 3-4+),Hoàn toàn trực tiếp (đến trường / văn phòng ≥ 4 ngày/tuần),Cân bằng cả học lẫn giải trí,4,2,4,3,0,1,0,7,3,3,2,1,2,5,3,5,4,3,1.0,0.3333333333333333,0.16666666666666666,1.0,1.0,0.4444444444444445,0.33333333333333337,0.6666666666666667,0.5,0.5555555555555556,0.875,0.5,0.32681303607883144,0.25096189520491186,0.08299371655840275,0.05965955928097365,0.7204282071231196,High Risk
Nam,2003 - 2005,Học sinh THPT,Hoàn toàn trực tiếp (đến trường / văn phòng ≥ 4 ngày/tuần),Cân bằng cả học lẫn giải trí,1,2,1,3,1,1,3,7,3,1,3,0,0,6,5,5,4,2,0.25,0.8333333333333333,0.3333333333333333,1.0,0.25,0.6666666666666666,0.0,1.0,1.0,0.4444444444444444,0.875,0.25,0.22406895270619573,0.17913576463461084,0.09088540264523366,0.0987271690187031,0.5928172890047433,Low Risk
Nam,2003 - 2005,Sinh viên đại học / cao đẳng (năm 3-4+),Hoàn toàn trực tiếp (đến trường / văn phòng ≥ 4 ngày/tuần),Cân bằng cả học lẫn giải trí,2,2,3,3,1,1,3,6,2,2,0,1,2,8,3,3,3,3,0.5,0.8333333333333333,0.3333333333333333,1.0,0.75,0.48148148148148157,1.0,0.6666666666666667,0.5,0.22222222222222232,0.5,0.5,0.21596989033132935,0.2121686363617405,0.13106419139185294,0.049363584509351556,0.6085663025942744,Low Risk
Nam,2006 - 2008,Sinh viên đại học / cao đẳng (năm 1-2),Hoàn toàn trực tiếp (đến trường / văn phòng ≥ 4 ngày/tuần),Cân bằng cả học lẫn giải trí,1,2,2,3,0,2,0,6,3,3,3,1,1,7,3,5,5,4,0.25,0.3333333333333333,0.3333333333333333,1.0,0.5,0.48148148148148145,0.0,0.6666666666666667,0.75,0.3333333333333335,1.0,0.75,0.29750897327218956,0.16297783770333862,0.06385384700711204,0.07404537676402732,0.5983860347466675,Low Risk
Nữ,2003 - 2005,Sinh viên đại học / cao đẳng (năm 1-2),Hoàn toàn trực tiếp (đến trường / văn phòng ≥ 4 ngày/tuần),Cân bằng cả học lẫn giải trí,2,2,3,3,0,2,2,2,1,1,0,2,2,7,7,4,3,2,0.5,0.6666666666666666,0.3333333333333333,1.0,0.75,0.6296296296296297,1.0,0.33333333333333337,0.5,0.3333333333333335,0.625,0.25,0.23467145292208347,0.2067826607179831,0.13340484294633764,0.05279557609989226,0.6276545326862965,Medium Risk
Nữ,2000 - 2002,Sinh viên đại học / cao đẳng (năm 3-4+),Hoàn toàn trực tiếp (đến trường / văn phòng ≥ 4 ngày/tuần),Cân bằng cả học lẫn giải trí,3,2,2,3,2,2,2,6,3,1,1,1,1,3,6,3,3,4,0.75,0.6666666666666666,0.6666666666666666,1.0,0.5,0.7037037037037037,0.6666666666666667,0.6666666666666667,0.75,0.7777777777777778,0.5,0.75,0.19196707763263138,0.26204464780474424,0.12824221472534353,0.08777334312619012,0.6700272832889093,Medium Risk
Nam,2003 - 2005,Sinh viên đại học / cao đẳng (năm 3-4+),Hoàn toàn trực tiếp (đến trường / văn phòng ≥ 4 ngày/tuần),Cân bằng cả học lẫn giải trí,1,3,2,3,0,2,3,7,1,1,2,1,1,6,6,5,4,2,0.25,1.0,0.3333333333333333,1.0,0.5,0.4444444444444445,0.33333333333333337,0.6666666666666667,0.75,0.4444444444444444,0.875,0.25,0.2557556767240291,0.18452174027836823,0.08299371655840275,0.07747736835456802,0.600748501915368,Low Risk
Nam,2003 - 2005,Học sinh THPT,Hoàn toàn trực tiếp (đến trường / văn phòng ≥ 4 ngày/tuần),Cân bằng cả học lẫn giải trí,3,1,1,3,0,1,3,8,2,3,1,1,0,7,8,5,5,2,0.75,0.6666666666666666,0.16666666666666666,1.0,0.25,0.29629629629629634,0.6666666666666667,0.6666666666666667,1.0,0.3333333333333335,1.0,0.25,0.25045442661608525,0.228700974765297,0.09234285037882467,0.0952951774281624,0.6667934291883694,Medium Risk
Nữ,2006 - 2008,Sinh viên đại học / cao đẳng (năm 1-2),Hoàn toàn trực tiếp (đến trường / văn phòng ≥ 4 ngày/tuần),Cân bằng cả học lẫn giải trí,2,1,3,3,0,1,3,2,2,2,2,2,2,8,8,4,5,4,0.5,0.6666666666666666,0.16666666666666666,1.0,0.75,0.6296296296296297,0.33333333333333337,0.33333333333333337,0.5,0.22222222222222232,0.875,0.75,0.3028102233801334,0.19566810303816734,0.0885979466898437,0.049363584509351556,0.636439857617496,Medium Risk
Nữ,2006 - 2008,Sinh viên đại học / cao đẳng (năm 3-4+),Hoàn toàn trực tiếp (đến trường / văn phòng ≥ 4 ngày/tuần),Cân bằng cả học lẫn giải trí,3,3,1,3,0,2,2,8,3,2,3,1,1,3,7,4,4,3,0.75,0.8333333333333333,0.3333333333333333,1.0,0.25,0.5185185185185186,0.0,0.6666666666666667,0.75,0.7777777777777778,0.75,0.5,0.20536739011544164,0.24520150808887015,0.0671174255840683,0.08777334312619012,0.6054596669145702,Low Risk
Nam,2003 - 2005,Học sinh THPT,Hoàn toàn trực tiếp (đến trường / văn phòng ≥ 4 ngày/tuần),Cân bằng cả học lẫn giải trí,2,1,3,3,0,2,3,4,1,1,3,0,3,5,6,5,5,5,0.5,0.6666666666666666,0.3333333333333333,1.0,0.75,0.5555555555555556,0.0,1.0,0.25,0.5555555555555556,1.0,1.0,0.33687960860915844,0.2067826607179831,0.08109466691436489,0.038409758616838575,0.663166694858345,Medium Risk
Nữ,2000 - 2002,Sinh viên đại học / cao đẳng (năm 3-4+),Hoàn toàn trực tiếp (đến trường / văn phòng ≥ 4 ngày/tuần),Cân bằng cả học lẫn giải trí,4,2,3,3,3,1,0,6,3,2,2,1,3,5,8,5,3,3,1.0,0.3333333333333333,0.6666666666666666,1.0,0.75,0.5925925925925926,0.33333333333333337,0.6666666666666667,0.25,0.5555555555555556,0.75,0.5,0.26874083815110844,0.2843055682443591,0.09604803086622778,0.038409758616838575,0.687504195878534,Medium Risk
Nam,2000 - 2002,Sinh viên đại học / cao đẳng (năm 1-2),Hoàn toàn trực tiếp (đến trường / văn phòng ≥ 4 ngày/tuần),Cân bằng cả học lẫn giải trí,1,1,1,3,3,2,0,6,2,1,2,2,3,7,3,3,5,3,0.25,0.16666666666666666,0.8333333333333333,1.0,0.25,0.5925925925925927,0.33333333333333337,0.33333333333333337,0.25,0.3333333333333335,0.75,0.5,0.20536739011544164,0.19093553509902847,0.08533436811288746,0.03154577543575718,0.5131830687631147,Low Risk
Nam,2003 - 2005,Sinh viên đại học / cao đẳng (năm 3-4+),Hoàn toàn trực tiếp (đến trường / văn phòng ≥ 4 ngày/tuần),Cân bằng cả học lẫn giải trí,4,1,4,3,0,2,1,5,1,2,3,1,1,3,3,3,4,2,1.0,0.3333333333333333,0.3333333333333333,1.0,1.0,0.40740740740740744,0.0,0.6666666666666667,0.75,0.7777777777777778,0.625,0.25,0.26635817693991687,0.2620764528847276,0.057326689853199525,0.08777334312619012,0.6735346628040342,Medium Risk
Nữ,2006 - 2008,Sinh viên đại học / cao đẳng (năm 1-2),Hoàn toàn trực tiếp (đến trường / văn phòng ≥ 4 ngày/tuần),Cân bằng cả học lẫn giải trí,4,2,4,3,1,2,2,6,2,1,2,2,1,5,5,3,3,5,1.0,0.6666666666666666,0.5,1.0,1.0,0.5925925925925927,0.33333333333333337,0.33333333333333337,0.75,0.5555555555555556,0.5,1.0,0.2630244369874337,0.2839629618520581,0.08533436811288746,0.08090935994510873,0.7132311268974879,High Risk
Nam,2000 - 2002,Sinh viên đại học / cao đẳng (năm 3-4+),Hoàn toàn trực tiếp (đến trường / văn phòng ≥ 4 ngày/tuần),Cân bằng cả học lẫn giải trí,1,1,2,3,3,1,2,8,3,2,3,0,0,7,7,3,3,5,0.25,0.5,0.6666666666666666,1.0,0.5,0.5185185185185186,0.0,1.0,1.0,0.3333333333333335,0.5,1.0,0.19965098895176683,0.19059292870672756,0.07783108833740864,0.0952951774281624,0.5633701834240654,Low Risk
Nữ,2000 - 2002,Sinh viên đại học / cao đẳng (năm 1-2),Hoàn toàn trực tiếp (đến trường / văn phòng ≥ 4 ngày/tuần),Cân bằng cả học lẫn giải trí,1,1,2,3,0,1,3,2,2,3,0,0,0,8,7,5,5,5,0.25,0.6666666666666666,0.16666666666666666,1.0,0.5,0.5185185185185185,1.0,1.0,1.0,0.22222222222222232,1.0,1.0,0.30519288459132504,0.16263523131103771,0.14504143272214953,0.09186318583762171,0.7047327344621339,High Risk
Nam,2006 - 2008,Sinh viên đại học / cao đẳng (năm 3-4+),Hoàn toàn trực tiếp (đến trường / văn phòng ≥ 4 ngày/tuần),Cân bằng cả học lẫn giải trí,2,3,2,3,0,1,2,6,2,2,0,1,3,5,8,5,3,5,0.5,0.8333333333333333,0.16666666666666666,1.0,0.5,0.48148148148148157,1.0,0.6666666666666667,0.25,0.5555555555555556,0.75,1.0,0.25242193677154595,0.20105407868192474,0.13106419139185294,0.038409758616838575,0.6229499654621622,Medium Risk
Nam,2006 - 2008,Sinh viên đại học / cao đẳng (năm 3-4+),Hoàn toàn trực tiếp (đến trường / văn phòng ≥ 4 ngày/tuần),Cân bằng cả học lẫn giải trí,4,2,1,3,3,1,3,2,3,2,0,2,1,3,5,4,3,3,1.0,0.8333333333333333,0.6666666666666666,1.0,0.25,0.7407407407407408,1.0,0.33333333333333337,0.75,0.7777777777777778,0.625,0.5,0.1789819162055521,0.3004634951756313,0.14319557867720645,0.08777334312619012,0.7104143331845799,High Risk
Nam,2003 - 2005,Sinh viên đại học / cao đẳng (năm 1-2),Hoàn toàn trực tiếp (đến trường / văn phòng ≥ 4 ngày/tuần),Cân bằng cả học lẫn giải trí,4,2,2,3,2,2,1,4,1,3,3,1,3,7,4,5,4,2,1.0,0.5,0.6666666666666666,1.0,0.5,0.3333333333333333,0.0,0.6666666666666667,0.25,0.3333333333333335,0.875,0.25,0.2557556767240291,0.2896915438881165,0.050799532699287,0.03154577543575718,0.6277925287471898,Medium Risk
Nam,2003 - 2005,Sinh viên đại học / cao đẳng (năm 3-4+),Hoàn toàn trực tiếp (đến trường / văn phòng ≥ 4 ngày/tuần),Cân bằng cả học lẫn giải trí,4,1,4,3,1,1,1,4,3,2,3,2,1,5,4,5,4,3,1.0,0.3333333333333333,0.3333333333333333,1.0,1.0,0.6666666666666666,0.0,0.33333333333333337,0.75,0.5555555555555556,0.875,0.5,0.32681303607883144,0.2620764528847276,0.069458077138553,0.08090935994510873,0.7392569260472207,High Risk
Nam,2000 - 2002,Sinh viên đại học / cao đẳng (năm 1-2),Hoàn toàn trực tiếp (đến trường / văn phòng ≥ 4 ngày/tuần),Cân bằng cả học lẫn giải trí,1,3,1,3,2,2,1,4,2,2,1,2,1,3,7,5,3,5,0.25,0.6666666666666666,0.6666666666666666,1.0,0.25,0.5555555555555557,0.6666666666666667,0.33333333333333337,0.75,0.7777777777777778,0.75,1.0,0.22073521275371252,0.19597890435048496,0.10447423766417817,0.08777334312619012,0.6089616978945658,Low Risk
Nữ,2000 - 2002,Sinh viên đại học / cao đẳng (năm 3-4+),Hoàn toàn trực tiếp (đến trường / văn phòng ≥ 4 ngày/tuần),Cân bằng cả học lẫn giải trí,3,3,1,3,0,2,1,6,1,2,3,0,3,4,5,3,3,2,0.75,0.6666666666666666,0.3333333333333333,1.0,0.25,0.3703703703703704,0.0,1.0,0.25,0.6666666666666667,0.5,0.25,0.14491253097652707,0.23981553244511275,0.0647767740295836,0.04184175020737928,0.4913465876586027,Low Risk
Nữ,2006 - 2008,Sinh viên đại học / cao đẳng (năm 1-2),Hoàn toàn trực tiếp (đến trường / văn phòng ≥ 4 ngày/tuần),Cân bằng cả học lẫn giải trí,4,1,4,3,1,2,0,6,2,3,3,0,0,4,3,4,5,2,1.0,0.16666666666666666,0.5,1.0,1.0,0.3703703703703704,0.0,1.0,1.0,0.6666666666666667,0.875,0.25,0.31912912475969596,0.26780503492078594,0.0647767740295836,0.1055911521997845,0.75730208590985,High Risk
Nữ,2000 - 2002,Sinh viên đại học / cao đẳng (năm 1-2),Hoàn toàn trực tiếp (đến trường / văn phòng ≥ 4 ngày/tuần),Cân bằng cả học lẫn giải trí,1,3,3,3,3,1,0,6,2,2,2,0,2,6,3,5,3,5,0.25,0.5,0.6666666666666666,1.0,0.75,0.48148148148148157,0.33333333333333337,1.0,0.5,0.4444444444444444,0.75,1.0,0.28410866078937935,0.19059292870672756,0.09697095788869935,0.05622756769043295,0.6279001150752391,Medium Risk
Nữ,2000 - 2002,Sinh viên đại học / cao đẳng (năm 1-2),Hoàn toàn trực tiếp (đến trường / văn phòng ≥ 4 ngày/tuần),Cân bằng cả học lẫn giải trí,4,3,2,3,2,1,2,4,2,2,0,0,1,4,3,5,4,4,1.0,0.8333333333333333,0.5,1.0,0.5,0.5555555555555557,1.0,1.0,0.75,0.6666666666666667,0.875,0.75,0.2711234993623,0.28934893749581553,0.14830501129910578,0.08434135153564942,0.7931187996928708,High Risk
Nam,2000 - 2002,Sinh viên đại học / cao đẳng (năm 3-4+),Hoàn toàn trực tiếp (đến trường / văn phòng ≥ 4 ngày/tuần),Cân bằng cả học lẫn giải trí,2,1,2,3,2,2,1,4,3,3,1,1,0,5,3,5,4,4,0.5,0.3333333333333333,0.6666666666666666,1.0,0.5,0.5555555555555556,0.6666666666666667,0.6666666666666667,1.0,0.5555555555555556,0.875,0.75,0.2711234993623,0.21823982479009976,0.11518790041751849,0.10215916060924381,0.7067103851791621,High Risk
Nữ,2003 - 2005,Sinh viên đại học / cao đẳng (năm 1-2),Hoàn toàn trực tiếp (đến trường / văn phòng ≥ 4 ngày/tuần),Cân bằng cả học lẫn giải trí,3,3,4,3,2,1,3,4,3,1,2,2,0,4,4,5,4,3,0.75,1.0,0.5,1.0,1.0,0.7777777777777778,0.33333333333333337,0.33333333333333337,1.0,0.6666666666666667,0.875,0.5,0.32681303607883144,0.26170204141244324,0.10165226099766873,0.1055911521997845,0.795758490688728,High Risk
Nam,2003 - 2005,Sinh viên đại học / cao đẳng (năm 1-2),Hoàn toàn trực tiếp (đến trường / văn phòng ≥ 4 ngày/tuần),Cân bằng cả học lẫn giải trí,3,1,2,3,0,2,0,6,1,3,2,1,2,6,4,4,5,2,0.75,0.16666666666666666,0.3333333333333333,1.0,0.5,0.25925925925925924,0.33333333333333337,0.6666666666666667,0.5,0.4444444444444444,0.875,0.25,0.2557556767240291,0.22365760551384054,0.06667582367362145,0.05622756769043295,0.602316673601924,Low Risk
Nam,2000 - 2002,Sinh viên đại học / cao đẳng (năm 3-4+),Hoàn toàn trực tiếp (đến trường / văn phòng ≥ 4 ngày/tuần),Cân bằng cả học lẫn giải trí,4,1,1,3,0,1,2,8,3,3,3,0,0,3,3,3,5,3,1.0,0.5,0.16666666666666666,1.0,0.25,0.40740740740740744,0.0,1.0,1.0,0.7777777777777778,0.75,0.5,0.20536739011544164,0.2563478708486692,0.06804035260653984,0.10902314379032521,0.6387787573609759,Medium Risk
Nam,2003 - 2005,Sinh viên đại học / cao đẳng (năm 1-2),Hoàn toàn trực tiếp (đến trường / văn phòng ≥ 4 ngày/tuần),Cân bằng cả học lẫn giải trí,1,3,4,3,0,1,1,6,3,3,1,0,2,8,7,5,5,2,0.25,0.6666666666666666,0.16666666666666666,1.0,1.0,0.48148148148148145,0.6666666666666667,1.0,0.5,0.22222222222222232,1.0,0.25,0.3455145986695855,0.16263523131103771,0.11937440601694631,0.049363584509351556,0.676887820506921,Medium Risk
Nam,2006 - 2008,Sinh viên đại học / cao đẳng (năm 1-2),Hoàn toàn trực tiếp (đến trường / văn phòng ≥ 4 ngày/tuần),Cân bằng cả học lẫn giải trí,3,3,3,3,1,2,2,8,3,3,1,1,0,8,5,5,4,3,0.75,0.8333333333333333,0.5,1.0,0.75,0.40740740740740744,0.6666666666666667,0.6666666666666667,1.0,0.22222222222222232,0.875,0.5,0.295126312060998,0.2563160657686859,0.10213358610969345,0.09186318583762171,0.745439149776999,High Risk
Nam,2003 - 2005,Sinh viên đại học / cao đẳng (năm 1-2),Hoàn toàn trực tiếp (đến trường / văn phòng ≥ 4 ngày/tuần),Cân bằng cả học lẫn giải trí,1,3,4,3,2,1,1,6,3,1,2,0,0,8,3,3,5,5,0.25,0.6666666666666666,0.5,1.0,1.0,0.7037037037037037,0.33333333333333337,1.0,1.0,0.22222222222222232,0.75,1.0,0.3157953848072128,0.1848643466706692,0.1165524293504369,0.09186318583762171,0.7090753466659405,High Risk
Nữ,2006 - 2008,Sinh viên đại học / cao đẳng (năm 1-2),Hoàn toàn trực tiếp (đến trường / văn phòng ≥ 4 ngày/tuần),Cân bằng cả học lẫn giải trí,4,1,4,3,0,2,2,2,3,1,1,2,1,7,4,3,5,2,1.0,0.5,0.3333333333333333,1.0,1.0,0.8518518518518517,0.6666666666666667,0.33333333333333337,0.75,0.3333333333333335,0.75,0.25,0.2927436508498064,0.267462428528485,0.13058286627982824,0.07404537676402732,0.7648343224221471,High Risk
Nữ,2003 - 2005,Sinh viên đại học / cao đẳng (năm 3-4+),Hoàn toàn trực tiếp (đến trường / văn phòng ≥ 4 ngày/tuần),Cân bằng cả học lẫn giải trí,4,1,3,3,1,1,0,5,1,2,3,1,0,3,4,5,4,2,1.0,0.16666666666666666,0.3333333333333333,1.0,0.75,0.40740740740740744,0.0,0.6666666666666667,1.0,0.7777777777777778,0.875,0.25,0.2874424007418625,0.2566904772409702,0.057326689853199525,0.10902314379032521,0.7104827116263575,High Risk
Nữ,2003 - 2005,Sinh viên đại học / cao đẳng (năm 3-4+),Hoàn toàn trực tiếp (đến trường / văn phòng ≥ 4 ngày/tuần),Cân bằng cả học lẫn giải trí,1,3,4,3,2,1,0,2,3,3,0,0,0,4,3,3,5,4,0.25,0.5,0.5,1.0,1.0,0.6296296296296297,1.0,1.0,1.0,0.6666666666666667,0.75,0.75,0.3081114734880773,0.17947837102691178,0.15483216845301828,0.1055911521997845,0.7480131651677919,High Risk
Nam,2000 - 2002,Sinh viên đại học / cao đẳng (năm 1-2),Hoàn toàn trực tiếp (đến trường / văn phòng ≥ 4 ngày/tuần),Cân bằng cả học lẫn giải trí,3,2,1,3,3,1,3,5,2,2,1,1,3,8,3,5,4,3,0.75,0.8333333333333333,0.6666666666666666,1.0,0.25,0.5185185185185186,0.6666666666666667,0.6666666666666667,0.25,0.22222222222222232,0.875,0.5,0.23175286402533118,0.2674306234485016,0.11192432184056224,0.02811378384521648,0.6392215931596115,Medium Risk
Nam,2006 - 2008,Sinh viên đại học / cao đẳng (năm 1-2),Hoàn toàn trực tiếp (đến trường / văn phòng ≥ 4 ngày/tuần),Cân bằng cả học lẫn giải trí,4,1,4,3,1,1,2,8,2,3,2,2,0,7,5,5,4,5,1.0,0.5,0.3333333333333333,1.0,1.0,0.29629629629629634,0.33333333333333337,0.33333333333333337,1.0,0.3333333333333335,0.875,1.0,0.34218085871710235,0.267462428528485,0.059225739497237376,0.0952951774281624,0.7641642041709872,High Risk
Nữ,2000 - 2002,Sinh viên đại học / cao đẳng (năm 3-4+),Hoàn toàn trực tiếp (đến trường / văn phòng ≥ 4 ngày/tuần),Cân bằng cả học lẫn giải trí,3,1,1,3,0,2,0,7,2,2,1,1,2,8,3,4,5,5,0.75,0.16666666666666666,0.3333333333333333,1.0,0.25,0.4444444444444445,0.6666666666666667,0.6666666666666667,0.5,0.22222222222222232,0.875,1.0,0.24712068666360207,0.22365760551384054,0.10539716468664971,0.049363584509351556,0.6255390413734438,Medium Risk
Nữ,2000 - 2002,Sinh viên đại học / cao đẳng (năm 3-4+),Hoàn toàn trực tiếp (đến trường / văn phòng ≥ 4 ngày/tuần),Cân bằng cả học lẫn giải trí,3,3,4,3,0,2,3,5,2,1,1,2,2,6,6,3,4,4,0.75,1.0,0.3333333333333333,1.0,1.0,0.6296296296296297,0.6666666666666667,0.33333333333333337,0.5,0.4444444444444444,0.625,0.75,0.2817259995781878,0.2505874837326275,0.11100139481809067,0.05622756769043295,0.6995424458193389,Medium Risk
Nữ,2000 - 2002,Sinh viên đại học / cao đẳng (năm 3-4+),Hoàn toàn trực tiếp (đến trường / văn phòng ≥ 4 ngày/tuần),Cân bằng cả học lẫn giải trí,3,3,4,3,0,1,1,7,1,3,2,1,2,6,3,5,4,5,0.75,0.6666666666666666,0.16666666666666666,1.0,1.0,0.22222222222222224,0.33333333333333337,0.6666666666666667,0.5,0.4444444444444444,0.875,1.0,0.34218085871710235,0.228700974765297,0.0634122450966652,0.05622756769043295,0.6905216462694974,Medium Risk
Nam,2006 - 2008,Sinh viên đại học / cao đẳng (năm 3-4+),Hoàn toàn trực tiếp (đến trường / văn phòng ≥ 4 ngày/tuần),Cân bằng cả học lẫn giải trí,4,1,2,3,2,1,0,4,1,3,0,0,3,8,3,4,4,4,1.0,0.16666666666666666,0.5,1.0,0.5,0.3333333333333333,1.0,1.0,0.25,0.22222222222222232,0.75,0.75,0.24473802545241047,0.26780503492078594,0.12872353983736823,0.02811378384521648,0.6693803840557812,Medium Risk
Nữ,2006 - 2008,Sinh viên đại học / cao đẳng (năm 1-2),Hoàn toàn trực tiếp (đến trường / văn phòng ≥ 4 ngày/tuần),Cân bằng cả học lẫn giải trí,4,3,2,3,2,2,3,6,3,3,3,1,1,4,7,5,5,5,1.0,1.0,0.6666666666666666,1.0,0.5,0.48148148148148145,0.0,0.6666666666666667,0.75,0.6666666666666667,1.0,1.0,0.30519288459132504,0.30584947081938874,0.06385384700711204,0.08434135153564942,0.7592375539534753,High Risk
Nam,2000 - 2002,Sinh viên đại học / cao đẳng (năm 1-2),Hoàn toàn trực tiếp (đến trường / văn phòng ≥ 4 ngày/tuần),Cân bằng cả học lẫn giải trí,4,1,4,3,2,1,0,7,3,3,1,2,3,8,3,5,5,3,1.0,0.16666666666666666,0.5,1.0,1.0,0.4444444444444445,0.6666666666666667,0.33333333333333337,0.25,0.22222222222222232,1.0,0.5,0.353198509988721,0.26780503492078594,0.09468350193330938,0.02811378384521648,0.7438008306880327,High Risk
Nam,2003 - 2005,Sinh viên đại học / cao đẳng (năm 3-4+),Hoàn toàn trực tiếp (đến trường / văn phòng ≥ 4 ngày/tuần),Cân bằng cả học lẫn giải trí,4,1,1,3,1,1,3,4,1,2,3,2,2,4,5,5,5,4,1.0,0.6666666666666666,0.3333333333333333,1.0,0.25,0.4444444444444445,0.0,0.33333333333333337,0.5,0.6666666666666667,1.0,0.75,0.26582224925435616,0.2728484041722424,0.04987660567681544,0.06309155087151436,0.6516388099749284,Medium Risk
Nam,2003 - 2005,Sinh viên đại học / cao đẳng (năm 3-4+),Hoàn toàn trực tiếp (đến trường / văn phòng ≥ 4 ngày/tuần),Cân bằng cả học lẫn giải trí,4,1,4,3,2,2,0,7,1,3,3,1,0,7,4,3,4,5,1.0,0.16666666666666666,0.6666666666666666,1.0,1.0,0.22222222222222224,0.0,0.6666666666666667,1.0,0.3333333333333335,0.625,1.0,0.28940991089732326,0.27891959260060173,0.04100879696841822,0.0952951774281624,0.7046334778945056,High Risk
Nữ,2000 - 2002,Sinh viên đại học / cao đẳng (năm 3-4+),Hoàn toàn trực tiếp (đến trường / văn phòng ≥ 4 ngày/tuần),Cân bằng cả học lẫn giải trí,4,2,1,3,0,1,1,6,1,3,0,2,0,7,5,5,5,5,1.0,0.5,0.16666666666666666,1.0,0.25,0.25925925925925924,1.0,0.33333333333333337,1.0,0.3333333333333335,1.0,1.0,0.27350616057349164,0.2563478708486692,0.10076905717677505,0.0952951774281624,0.7259182660270984,High Risk
Nữ,2000 - 2002,Sinh viên đại học / cao đẳng (năm 3-4+),Hoàn toàn trực tiếp (đến trường / văn phòng ≥ 4 ngày/tuần),Cân bằng cả học lẫn giải trí,4,2,1,3,1,1,3,8,2,1,1,0,1,6,4,3,5,4,1.0,0.8333333333333333,0.3333333333333333,1.0,0.25,0.5185185185185186,0.6666666666666667,1.0,0.75,0.4444444444444444,0.75,0.75,0.21305130143457707,0.2782343798159998,0.12263798459390257,0.07747736835456802,0.6914010341990474,Medium Risk
Nam,2006 - 2008,Sinh viên đại học / cao đẳng (năm 1-2),Hoàn toàn trực tiếp (đến trường / văn phòng ≥ 4 ngày/tuần),Cân bằng cả học lẫn giải trí,4,2,3,3,1,1,0,8,2,2,3,1,1,6,6,3,5,3,1.0,0.3333333333333333,0.3333333333333333,1.0,0.75,0.40740740740740744,0.0,0.6666666666666667,0.75,0.4444444444444444,0.75,0.5,0.26874083815110844,0.2620764528847276,0.057326689853199525,0.07747736835456802,0.6656213492436035,Medium Risk
Nữ,2000 - 2002,Sinh viên đại học / cao đẳng (năm 1-2),Hoàn toàn trực tiếp (đến trường / văn phòng ≥ 4 ngày/tuần),Cân bằng cả học lẫn giải trí,1,3,2,3,1,1,2,7,2,1,3,0,0,7,6,4,4,3,0.25,0.8333333333333333,0.3333333333333333,1.0,0.5,0.5555555555555556,0.0,1.0,1.0,0.3333333333333335,0.75,0.5,0.23705411413327504,0.17913576463461084,0.08109466691436489,0.0952951774281624,0.5925797231104132,Low Risk
Nam,2000 - 2002,Sinh viên đại học / cao đẳng (năm 3-4+),Hoàn toàn trực tiếp (đến trường / văn phòng ≥ 4 ngày/tuần),Cân bằng cả học lẫn giải trí,3,3,2,3,3,2,1,4,1,2,1,2,3,6,6,4,5,4,0.75,0.6666666666666666,0.8333333333333333,1.0,0.5,0.4444444444444445,0.6666666666666667,0.33333333333333337,0.25,0.4444444444444444,0.875,0.75,0.2711234993623,0.27315920548455996,0.09468350193330938,0.034977767026297873,0.6739439738064672,Medium Risk
Nam,2006 - 2008,Sinh viên đại học / cao đẳng (năm 3-4+),Hoàn toàn trực tiếp (đến trường / văn phòng ≥ 4 ngày/tuần),Cân bằng cả học lẫn giải trí,1,1,1,3,2,1,2,5,3,2,2,0,3,8,6,4,4,5,0.25,0.5,0.5,1.0,0.25,0.6296296296296297,0.33333333333333337,1.0,0.25,0.22222222222222232,0.75,1.0,0.22073521275371252,0.17947837102691178,0.11002527219652437,0.02811378384521648,0.5383526398223651,Low Risk
Nam,2003 - 2005,Sinh viên đại học / cao đẳng (năm 1-2),Hoàn toàn trực tiếp (đến trường / văn phòng ≥ 4 ngày/tuần),Cân bằng cả học lẫn giải trí,1,1,1,3,0,2,2,4,1,3,2,0,2,4,3,3,5,4,0.25,0.5,0.3333333333333333,1.0,0.25,0.3333333333333333,0.33333333333333337,1.0,0.5,0.6666666666666667,0.75,0.75,0.21305130143457707,0.16836381334709605,0.0839166435808743,0.06309155087151436,0.5284233092340618,Low Risk
Nữ,2006 - 2008,Sinh viên đại học / cao đẳng (năm 3-4+),Hoàn toàn trực tiếp (đến trường / văn phòng ≥ 4 ngày/tuần),Cân bằng cả học lẫn giải trí,4,1,1,3,0,2,3,4,1,3,2,1,2,4,6,5,5,3,1.0,0.6666666666666666,0.3333333333333333,1.0,0.25,0.3333333333333333,0.33333333333333337,0.6666666666666667,0.5,0.6666666666666667,1.0,0.5,0.25813833793522073,0.2728484041722424,0.07320298082753397,0.06309155087151436,0.6672812738065115,Medium Risk
Nam,2006 - 2008,Sinh viên đại học / cao đẳng (năm 1-2),Hoàn toàn trực tiếp (đến trường / văn phòng ≥ 4 ngày/tuần),Cân bằng cả học lẫn giải trí,1,1,2,3,1,2,1,7,2,2,1,1,1,7,5,5,4,3,0.25,0.3333333333333333,0.5,1.0,0.5,0.4444444444444445,0.6666666666666667,0.6666666666666667,0.75,0.3333333333333335,0.875,0.5,0.2634395880431646,0.17409239538315438,0.10539716468664971,0.07404537676402732,0.616974524876996,Medium Risk
Nam,2003 - 2005,Sinh viên đại học / cao đẳng (năm 3-4+),Hoàn toàn trực tiếp (đến trường / văn phòng ≥ 4 ngày/tuần),Cân bằng cả học lẫn giải trí,1,2,3,3,0,1,0,5,1,2,2,1,0,6,6,5,4,5,0.25,0.3333333333333333,0.16666666666666666,1.0,0.75,0.40740740740740744,0.33333333333333337,0.6666666666666667,1.0,0.4444444444444444,0.875,1.0,0.3104941346992689,0.1518632800235229,0.07973013798144649,0.0987271690187031,0.6408147217229414,Medium Risk
Nam,2000 - 2002,Sinh viên đại học / cao đẳng (năm 3-4+),Hoàn toàn trực tiếp (đến trường / văn phòng ≥ 4 ngày/tuần),Cân bằng cả học lẫn giải trí,3,2,1,3,2,2,0,5,3,2,1,0,0,6,4,4,5,5,0.75,0.3333333333333333,0.6666666666666666,1.0,0.25,0.6296296296296297,0.6666666666666667,1.0,1.0,0.4444444444444444,0.875,1.0,0.24712068666360207,0.25127269651722944,0.13242872032477132,0.0987271690187031,0.7295492725243058,High Risk
Nữ,2003 - 2005,Sinh viên đại học / cao đẳng (năm 1-2),Hoàn toàn trực tiếp (đến trường / văn phòng ≥ 4 ngày/tuần),Cân bằng cả học lẫn giải trí,3,1,2,3,0,2,3,5,1,3,0,0,3,7,7,4,5,3,0.75,0.6666666666666666,0.3333333333333333,1.0,0.5,0.2962962962962963,1.0,1.0,0.25,0.3333333333333335,0.875,0.5,0.2634395880431646,0.23981553244511275,0.12545996126041198,0.03154577543575718,0.6602608571844465,Medium Risk
Nam,2006 - 2008,Sinh viên đại học / cao đẳng (năm 3-4+),Hoàn toàn trực tiếp (đến trường / văn phòng ≥ 4 ngày/tuần),Cân bằng cả học lẫn giải trí,3,2,1,3,2,2,0,5,1,1,3,2,0,6,7,5,5,2,0.75,0.3333333333333333,0.6666666666666666,1.0,0.25,0.5185185185185185,0.0,0.33333333333333337,1.0,0.4444444444444444,1.0,0.25,0.25045442661608525,0.25127269651722944,0.056403762830727955,0.0987271690187031,0.6568580549827456,Medium Risk
Nữ,2003 - 2005,Sinh viên đại học / cao đẳng (năm 1-2),Hoàn toàn trực tiếp (đến trường / văn phòng ≥ 4 ngày/tuần),Cân bằng cả học lẫn giải trí,3,2,3,3,1,1,1,5,3,1,0,0,0,4,5,3,5,4,0.75,0.5,0.3333333333333333,1.0,0.75,0.7407407407407408,1.0,1.0,1.0,0.6666666666666667,0.75,0.75,0.27642474947024387,0.23442955680135535,0.1646229041838871,0.1055911521997845,0.7810683626552708,High Risk
Nữ,2000 - 2002,Sinh viên đại học / cao đẳng (năm 1-2),Hoàn toàn trực tiếp (đến trường / văn phòng ≥ 4 ngày/tuần),Cân bằng cả học lẫn giải trí,1,2,2,3,2,2,3,2,2,2,0,1,1,4,5,4,5,5,0.25,0.8333333333333333,0.6666666666666666,1.0,0.5,0.6296296296296297,1.0,0.6666666666666667,0.75,0.6666666666666667,0.875,1.0,0.2788074106814355,0.20136487999424235,0.14411850569967796,0.08434135153564942,0.7086321479110052,High Risk
Nam,2006 - 2008,Sinh viên đại học / cao đẳng (năm 1-2),Hoàn toàn trực tiếp (đến trường / văn phòng ≥ 4 ngày/tuần),Cân bằng cả học lẫn giải trí,4,1,4,3,0,1,0,5,1,3,3,0,0,3,6,3,4,3,1.0,0.16666666666666666,0.16666666666666666,1.0,1.0,0.2962962962962963,0.0,1.0,1.0,0.7777777777777778,0.625,0.5,0.27404208825905235,0.24557591956115443,0.05824961687567107,0.10902314379032521,0.6868907684862031,Medium Risk
Nữ,2003 - 2005,Sinh viên đại học / cao đẳng (năm 1-2),Hoàn toàn trực tiếp (đến trường / văn phòng ≥ 4 ngày/tuần),Cân bằng cả học lẫn giải trí,4,1,1,3,1,2,3,6,3,2,2,1,2,7,4,3,4,2,1.0,0.6666666666666666,0.5,1.0,0.25,0.5925925925925926,0.33333333333333337,0.6666666666666667,0.5,0.3333333333333335,0.625,0.25,0.17129800488641664,0.2839629618520581,0.09604803086622778,0.05279557609989226,0.6041045737045948,Low Risk
Nữ,2000 - 2002,Sinh viên đại học / cao đẳng (năm 3-4+),Hoàn toàn trực tiếp (đến trường / văn phòng ≥ 4 ngày/tuần),Cân bằng cả học lẫn giải trí,3,1,4,3,1,2,1,7,3,3,2,2,2,6,4,5,5,2,0.75,0.3333333333333333,0.5,1.0,1.0,0.4444444444444445,0.33333333333333337,0.33333333333333337,0.5,0.4444444444444444,1.0,0.25,0.3455145986695855,0.24015813883741366,0.07228005380506242,0.05622756769043295,0.7141803590024945,High Risk
Nữ,2003 - 2005,Sinh viên đại học / cao đẳng (năm 1-2),Hoàn toàn trực tiếp (đến trường / văn phòng ≥ 4 ngày/tuần),Cân bằng cả học lẫn giải trí,4,1,4,3,0,2,3,7,2,1,2,2,0,3,6,3,5,5,1.0,0.6666666666666666,0.3333333333333333,1.0,1.0,0.5555555555555556,0.33333333333333337,0.33333333333333337,1.0,0.7777777777777778,0.75,1.0,0.3157953848072128,0.2728484041722424,0.08207078953593118,0.10902314379032521,0.7797377223057115,High Risk
Nam,2006 - 2008,Sinh viên đại học / cao đẳng (năm 1-2),Hoàn toàn trực tiếp (đến trường / văn phòng ≥ 4 ngày/tuần),Cân bằng cả học lẫn giải trí,3,3,2,3,0,2,3,5,1,3,2,1,1,4,6,3,5,4,0.75,1.0,0.3333333333333333,1.0,0.5,0.2962962962962963,0.33333333333333337,0.6666666666666667,0.75,0.6666666666666667,0.75,0.75,0.24473802545241047,0.2505874837326275,0.06993940225057771,0.08434135153564942,0.6496062629712651,Medium Risk
Nam,2003 - 2005,Sinh viên đại học / cao đẳng (năm 1-2),Hoàn toàn trực tiếp (đến trường / văn phòng ≥ 4 ngày/tuần),Cân bằng cả học lẫn giải trí,4,2,2,3,0,2,3,4,3,1,0,1,3,5,7,4,5,4,1.0,0.8333333333333333,0.3333333333333333,1.0,0.5,0.7777777777777778,1.0,0.6666666666666667,0.25,0.5555555555555556,0.875,0.75,0.2711234993623,0.2782343798159998,0.15717282000750302,0.038409758616838575,0.7449404578026414,High Risk
Nữ,2003 - 2005,Sinh viên đại học / cao đẳng (năm 3-4+),Hoàn toàn trực tiếp (đến trường / văn phòng ≥ 4 ngày/tuần),Cân bằng cả học lẫn giải trí,4,2,2,3,0,2,0,6,1,1,3,1,0,5,6,4,4,4,1.0,0.3333333333333333,0.3333333333333333,1.0,0.5,0.48148148148148145,0.0,0.6666666666666667,1.0,0.5555555555555556,0.75,0.75,0.24473802545241047,0.2620764528847276,0.06385384700711204,0.10215916060924381,0.6728274859534938,Medium Risk
Nam,2000 - 2002,Sinh viên đại học / cao đẳng (năm 3-4+),Hoàn toàn trực tiếp (đến trường / văn phòng ≥ 4 ngày/tuần),Cân bằng cả học lẫn giải trí,4,1,4,3,0,1,1,5,1,1,3,0,0,4,6,4,5,4,1.0,0.3333333333333333,0.16666666666666666,1.0,1.0,0.5185185185185185,0.0,1.0,1.0,0.6666666666666667,0.875,0.75,0.33449694739796687,0.25096189520491186,0.07783108833740862,0.1055911521997845,0.7688810831400719,High Risk
Nữ,2006 - 2008,Sinh viên đại học / cao đẳng (năm 3-4+),Hoàn toàn trực tiếp (đến trường / văn phòng ≥ 4 ngày/tuần),Cân bằng cả học lẫn giải trí,4,2,2,3,2,2,1,4,1,2,1,1,2,6,3,3,5,3,1.0,0.5,0.6666666666666666,1.0,0.5,0.4444444444444445,0.6666666666666667,0.6666666666666667,0.5,0.4444444444444444,0.75,0.5,0.23705411413327504,0.2896915438881165,0.10539716468664971,0.05622756769043295,0.6883703903984743,Medium Risk
Nữ,2006 - 2008,Sinh viên đại học / cao đẳng (năm 3-4+),Hoàn toàn trực tiếp (đến trường / văn phòng ≥ 4 ngày/tuần),Cân bằng cả học lẫn giải trí,3,1,1,3,2,2,3,7,1,1,0,0,3,7,7,4,5,5,0.75,0.6666666666666666,0.6666666666666666,1.0,0.25,0.4444444444444445,1.0,1.0,0.25,0.3333333333333335,0.875,1.0,0.24712068666360207,0.26204464780474424,0.138514275568237,0.03154577543575718,0.6792253854723406,Medium Risk
Nữ,2006 - 2008,Sinh viên đại học / cao đẳng (năm 1-2),Hoàn toàn trực tiếp (đến trường / văn phòng ≥ 4 ngày/tuần),Cân bằng cả học lẫn giải trí,4,3,2,3,2,2,1,6,3,2,1,2,2,6,4,4,4,4,1.0,0.6666666666666666,0.6666666666666666,1.0,0.5,0.5925925925925926,0.6666666666666667,0.33333333333333337,0.5,0.4444444444444444,0.75,0.75,0.24473802545241047,0.2950775195318739,0.10773781624113442,0.05622756769043295,0.7037809289158516,High Risk
Nam,2000 - 2002,Sinh viên đại học / cao đẳng (năm 3-4+),Hoàn toàn trực tiếp (đến trường / văn phòng ≥ 4 ngày/tuần),Cân bằng cả học lẫn giải trí,1,1,2,3,2,2,3,4,1,1,0,2,2,4,4,3,4,3,0.25,0.6666666666666666,0.6666666666666666,1.0,0.5,0.5555555555555556,1.0,0.33333333333333337,0.5,0.6666666666666667,0.625,0.5,0.2106686402233855,0.19597890435048496,0.12687768579242512,0.06309155087151436,0.5966167812378098,Low Risk
Nữ,2006 - 2008,Sinh viên đại học / cao đẳng (năm 3-4+),Hoàn toàn trực tiếp (đến trường / văn phòng ≥ 4 ngày/tuần),Cân bằng cả học lẫn giải trí,1,2,2,3,1,1,0,7,3,1,3,2,3,6,6,3,4,5,0.25,0.3333333333333333,0.3333333333333333,1.0,0.5,0.6666666666666666,0.0,0.33333333333333337,0.25,0.4444444444444444,0.625,1.0,0.22603646286165638,0.16297783770333862,0.069458077138553,0.034977767026297873,0.49345014472984583,Low Risk
Nữ,2003 - 2005,Sinh viên đại học / cao đẳng (năm 3-4+),Hoàn toàn trực tiếp (đến trường / văn phòng ≥ 4 ngày/tuần),Cân bằng cả học lẫn giải trí,3,1,4,3,0,2,1,4,2,3,3,2,2,3,4,4,5,3,0.75,0.3333333333333333,0.3333333333333333,1.0,1.0,0.4444444444444445,0.0,0.33333333333333337,0.5,0.7777777777777778,0.875,0.5,0.32681303607883144,0.22904358115759793,0.04987660567681544,0.06652354246205505,0.6722567653752999,Medium Risk
Nữ,2006 - 2008,Sinh viên đại học / cao đẳng (năm 3-4+),Hoàn toàn trực tiếp (đến trường / văn phòng ≥ 4 ngày/tuần),Cân bằng cả học lẫn giải trí,4,3,2,3,1,1,1,5,3,1,1,2,3,5,6,5,5,5,1.0,0.6666666666666666,0.3333333333333333,1.0,0.5,0.7407407407407408,0.6666666666666667,0.33333333333333337,0.25,0.5555555555555556,1.0,1.0,0.30519288459132504,0.2728484041722424,0.12079213054895946,0.038409758616838575,0.7372431779293654,High Risk
Nữ,2000 - 2002,Sinh viên đại học / cao đẳng (năm 3-4+),Hoàn toàn trực tiếp (đến trường / văn phòng ≥ 4 ngày/tuần),Cân bằng cả học lẫn giải trí,3,2,1,3,0,2,1,6,3,2,2,2,1,4,3,3,4,5,0.75,0.5,0.3333333333333333,1.0,0.25,0.5925925925925926,0.33333333333333337,0.33333333333333337,0.75,0.6666666666666667,0.625,1.0,0.19434973884382298,0.23442955680135535,0.08533436811288744,0.08434135153564942,0.5984550152937151,Low Risk
Nữ,2003 - 2005,Sinh viên đại học / cao đẳng (năm 1-2),Hoàn toàn trực tiếp (đến trường / văn phòng ≥ 4 ngày/tuần),Cân bằng cả học lẫn giải trí,3,1,2,3,0,2,3,6,3,1,3,0,1,4,6,5,5,4,0.75,0.6666666666666666,0.3333333333333333,1.0,0.5,0.7037037037037037,0.0,1.0,0.75,0.6666666666666667,1.0,0.75,0.29750897327218956,0.23981553244511275,0.09414898122218993,0.08434135153564942,0.7158148384751417,High Risk
Nam,2000 - 2002,Sinh viên đại học / cao đẳng (năm 3-4+),Hoàn toàn trực tiếp (đến trường / văn phòng ≥ 4 ngày/tuần),Cân bằng cả học lẫn giải trí,1,2,4,3,2,1,1,6,2,2,0,2,1,4,4,5,4,4,0.25,0.5,0.5,1.0,1.0,0.48148148148148157,1.0,0.33333333333333337,0.75,0.6666666666666667,0.875,0.75,0.33449694739796687,0.17947837102691178,0.1203505286385126,0.08434135153564942,0.7186671985990407,High Risk
Nam,2006 - 2008,Sinh viên đại học / cao đẳng (năm 1-2),Hoàn toàn trực tiếp (đến trường / văn phòng ≥ 4 ngày/tuần),Cân bằng cả học lẫn giải trí,3,2,3,3,1,1,0,5,1,3,2,2,3,5,7,3,5,5,0.75,0.3333333333333333,0.3333333333333333,1.0,0.75,0.2962962962962963,0.33333333333333337,0.33333333333333337,0.25,0.5555555555555556,0.75,1.0,0.28410866078937935,0.22904358115759793,0.059225739497237376,0.038409758616838575,0.6107877400610533,Low Risk
Nữ,2006 - 2008,Sinh viên đại học / cao đẳng (năm 3-4+),Hoàn toàn trực tiếp (đến trường / văn phòng ≥ 4 ngày/tuần),Cân bằng cả học lẫn giải trí,4,2,3,3,1,1,1,5,3,2,0,2,2,3,3,3,5,3,1.0,0.5,0.3333333333333333,1.0,0.75,0.6296296296296297,1.0,0.33333333333333337,0.5,0.7777777777777778,0.75,0.5,0.26874083815110844,0.267462428528485,0.13340484294633764,0.06652354246205505,0.7361316520879863,High Risk
Nam,2003 - 2005,Sinh viên đại học / cao đẳng (năm 1-2),Hoàn toàn trực tiếp (đến trường / văn phòng ≥ 4 ngày/tuần),Cân bằng cả học lẫn giải trí,4,2,3,3,1,1,0,4,3,2,1,1,2,3,4,4,5,4,1.0,0.3333333333333333,0.3333333333333333,1.0,0.75,0.6666666666666666,0.6666666666666667,0.6666666666666667,0.5,0.7777777777777778,0.875,0.75,0.3028102233801334,0.2620764528847276,0.12497863614838726,0.06652354246205505,0.7563888548753033,High Risk
Nữ,2000 - 2002,Sinh viên đại học / cao đẳng (năm 3-4+),Hoàn toàn trực tiếp (đến trường / văn phòng ≥ 4 ngày/tuần),Cân bằng cả học lẫn giải trí,1,3,3,3,2,1,1,6,2,2,1,0,2,3,7,4,4,5,0.25,0.6666666666666666,0.5,1.0,0.75,0.48148148148148157,0.6666666666666667,1.0,0.5,0.7777777777777778,0.75,1.0,0.28410866078937935,0.1848643466706692,0.11937440601694631,0.06652354246205505,0.6548709559390499,Medium Risk
Nam,2003 - 2005,Sinh viên đại học / cao đẳng (năm 3-4+),Hoàn toàn trực tiếp (đến trường / văn phòng ≥ 4 ngày/tuần),Cân bằng cả học lẫn giải trí,3,1,2,3,0,2,0,7,2,2,2,1,2,3,6,4,5,4,0.75,0.16666666666666666,0.3333333333333333,1.0,0.5,0.4444444444444445,0.33333333333333337,0.6666666666666667,0.5,0.7777777777777778,0.875,0.75,0.2711234993623,0.22365760551384054,0.08299371655840275,0.06652354246205505,0.6442983638965983,Medium Risk
Nữ,2006 - 2008,Sinh viên đại học / cao đẳng (năm 3-4+),Hoàn toàn trực tiếp (đến trường / văn phòng ≥ 4 ngày/tuần),Cân bằng cả học lẫn giải trí,3,3,3,3,1,1,1,7,3,1,3,2,2,6,7,5,4,5,0.75,0.6666666666666666,0.3333333333333333,1.0,0.75,0.6666666666666666,0.0,0.33333333333333337,0.5,0.4444444444444444,0.875,1.0,0.3104941346992689,0.23981553244511275,0.069458077138553,0.05622756769043295,0.6759953119733676,Medium Risk
Nam,2000 - 2002,Sinh viên đại học / cao đẳng (năm 1-2),Hoàn toàn trực tiếp (đến trường / văn phòng ≥ 4 ngày/tuần),Cân bằng cả học lẫn giải trí,4,1,4,3,1,1,3,6,3,2,3,2,1,4,3,4,4,3,1.0,0.6666666666666666,0.3333333333333333,1.0,1.0,0.5925925925925926,0.0,0.33333333333333337,0.75,0.6666666666666667,0.75,0.5,0.3004275621689419,0.2728484041722424,0.06293091998464048,0.08434135153564942,0.7205482378614743,High Risk
Nam,2006 - 2008,Sinh viên đại học / cao đẳng (năm 3-4+),Hoàn toàn trực tiếp (đến trường / văn phòng ≥ 4 ngày/tuần),Cân bằng cả học lẫn giải trí,3,2,4,3,0,1,1,7,3,2,2,0,3,5,7,4,4,4,0.75,0.5,0.16666666666666666,1.0,1.0,0.5555555555555557,0.33333333333333337,1.0,0.25,0.5555555555555556,0.75,0.75,0.3081114734880773,0.22331499912153957,0.10349811504261187,0.038409758616838575,0.6733343462690674,Medium Risk
Nam,2006 - 2008,Sinh viên đại học / cao đẳng (năm 3-4+),Hoàn toàn trực tiếp (đến trường / văn phòng ≥ 4 ngày/tuần),Cân bằng cả học lẫn giải trí,1,1,1,3,0,1,1,7,3,3,0,0,2,3,6,3,4,4,0.25,0.3333333333333333,0.16666666666666666,1.0,0.25,0.4444444444444445,1.0,1.0,0.5,0.7777777777777778,0.625,0.75,0.18666582752468752,0.1518632800235229,0.138514275568237,0.06652354246205505,0.5435669255785025,Low Risk
Nam,2000 - 2002,Sinh viên đại học / cao đẳng (năm 3-4+),Hoàn toàn trực tiếp (đến trường / văn phòng ≥ 4 ngày/tuần),Cân bằng cả học lẫn giải trí,1,2,2,3,1,1,0,5,3,1,1,0,3,5,4,5,4,4,0.25,0.3333333333333333,0.3333333333333333,1.0,0.5,0.7407407407407408,0.6666666666666667,1.0,0.25,0.5555555555555556,0.875,0.75,0.2711234993623,0.16297783770333862,0.14221945605564013,0.038409758616838575,0.6147305517381174,Low Risk
Nữ,2003 - 2005,Sinh viên đại học / cao đẳng (năm 3-4+),Hoàn toàn trực tiếp (đến trường / văn phòng ≥ 4 ngày/tuần),Cân bằng cả học lẫn giải trí,3,3,4,3,2,2,3,6,2,1,1,1,1,3,4,5,5,4,0.75,1.0,0.6666666666666666,1.0,1.0,0.5925925925925927,0.6666666666666667,0.6666666666666667,0.75,0.7777777777777778,1.0,0.75,0.3608824213078564,0.272816599092259,0.11845147899447475,0.08777334312619012,0.8399238425207802,High Risk
Nam,2006 - 2008,Sinh viên đại học / cao đẳng (năm 1-2),Hoàn toàn trực tiếp (đến trường / văn phòng ≥ 4 ngày/tuần),Cân bằng cả học lẫn giải trí,4,1,3,3,2,1,3,5,2,1,2,2,1,5,7,3,5,4,1.0,0.6666666666666666,0.5,1.0,0.75,0.6296296296296297,0.33333333333333337,0.33333333333333337,0.75,0.5555555555555556,0.75,0.75,0.27642474947024387,0.2839629618520581,0.0885979466898437,0.08090935994510873,0.7298950179572543,High Risk
Nam,2003 - 2005,Sinh viên đại học / cao đẳng (năm 1-2),Hoàn toàn trực tiếp (đến trường / văn phòng ≥ 4 ngày/tuần),Cân bằng cả học lẫn giải trí,3,3,2,3,2,2,1,5,1,1,2,1,2,6,4,5,5,3,0.75,0.6666666666666666,0.6666666666666666,1.0,0.5,0.5185185185185185,0.33333333333333337,0.6666666666666667,0.5,0.4444444444444444,1.0,0.5,0.28982506195305413,0.26204464780474424,0.08952087371231526,0.05622756769043295,0.6976181511605466,Medium Risk
Nam,2000 - 2002,Sinh viên đại học / cao đẳng (năm 1-2),Hoàn toàn trực tiếp (đến trường / văn phòng ≥ 4 ngày/tuần),Cân bằng cả học lẫn giải trí,3,3,2,3,0,1,3,6,1,3,0,2,3,6,3,4,5,3,0.75,1.0,0.16666666666666666,1.0,0.5,0.25925925925925924,1.0,0.33333333333333337,0.25,0.4444444444444444,0.875,0.5,0.2634395880431646,0.23947292605281179,0.10076905717677505,0.034977767026297873,0.6386593382990493,Medium Risk
Nam,2006 - 2008,Sinh viên đại học / cao đẳng (năm 1-2),Hoàn toàn trực tiếp (đến trường / văn phòng ≥ 4 ngày/tuần),Cân bằng cả học lẫn giải trí,3,1,2,3,0,2,3,4,2,1,2,2,2,6,4,4,5,3,0.75,0.6666666666666666,0.3333333333333333,1.0,0.5,0.6666666666666666,0.33333333333333337,0.33333333333333337,0.5,0.4444444444444444,0.875,0.5,0.2634395880431646,0.23981553244511275,0.09186152526679996,0.05622756769043295,0.6513442134455102,Medium Risk
Nam,2003 - 2005,Sinh viên đại học / cao đẳng (năm 3-4+),Hoàn toàn trực tiếp (đến trường / văn phòng ≥ 4 ngày/tuần),Cân bằng cả học lẫn giải trí,3,1,4,3,0,1,1,6,3,1,3,0,1,5,7,5,4,5,0.75,0.3333333333333333,0.16666666666666666,1.0,1.0,0.7037037037037037,0.0,1.0,0.75,0.5555555555555556,0.875,1.0,0.34218085871710235,0.21792902347778217,0.09414898122218993,0.08090935994510873,0.7351682233621832,High Risk
Nam,2003 - 2005,Sinh viên đại học / cao đẳng (năm 3-4+),Hoàn toàn trực tiếp (đến trường / văn phòng ≥ 4 ngày/tuần),Cân bằng cả học lẫn giải trí,4,2,2,3,2,1,1,4,2,3,1,0,2,6,7,4,4,3,1.0,0.5,0.5,1.0,0.5,0.4444444444444445,0.6666666666666667,1.0,0.5,0.4444444444444444,0.75,0.5,0.23705411413327504,0.27857698620830074,0.11611082743999004,0.05622756769043295,0.6879694954719987,Medium Risk
Nữ,2000 - 2002,Sinh viên đại học / cao đẳng (năm 1-2),Hoàn toàn trực tiếp (đến trường / văn phòng ≥ 4 ngày/tuần),Cân bằng cả học lẫn giải trí,4,2,4,3,1,2,0,4,2,2,0,1,1,6,7,4,4,5,1.0,0.3333333333333333,0.5,1.0,1.0,0.5555555555555557,1.0,0.6666666666666667,0.75,0.4444444444444444,0.75,1.0,0.3157953848072128,0.2731910105645433,0.13759134854576546,0.07747736835456802,0.8040551122720896,High Risk
Nữ,2003 - 2005,Sinh viên đại học / cao đẳng (năm 3-4+),Hoàn toàn trực tiếp (đến trường / văn phòng ≥ 4 ngày/tuần),Cân bằng cả học lẫn giải trí,4,1,2,3,2,1,0,4,1,3,2,0,2,3,4,4,4,4,1.0,0.16666666666666666,0.5,1.0,0.5,0.3333333333333333,0.33333333333333337,1.0,0.5,0.7777777777777778,0.75,0.75,0.24473802545241047,0.26780503492078594,0.0839166435808743,0.06652354246205505,0.6629832464161257,Medium Risk
Nam,2000 - 2002,Sinh viên đại học / cao đẳng (năm 3-4+),Hoàn toàn trực tiếp (đến trường / văn phòng ≥ 4 ngày/tuần),Cân bằng cả học lẫn giải trí,3,1,4,3,0,2,0,5,3,1,0,1,2,3,7,5,5,3,0.75,0.16666666666666666,0.3333333333333333,1.0,1.0,0.7407407407407408,1.0,0.6666666666666667,0.5,0.7777777777777778,1.0,0.5,0.353198509988721,0.22365760551384054,0.15390924143054677,0.06652354246205505,0.7972888993951633,High Risk
Nữ,2003 - 2005,Sinh viên đại học / cao đẳng (năm 3-4+),Hoàn toàn trực tiếp (đến trường / văn phòng ≥ 4 ngày/tuần),Cân bằng cả học lẫn giải trí,4,1,3,3,0,2,1,4,1,2,1,2,1,3,7,4,4,5,1.0,0.3333333333333333,0.3333333333333333,1.0,0.75,0.4444444444444445,0.6666666666666667,0.33333333333333337,0.75,0.7777777777777778,0.75,1.0,0.28410866078937935,0.2620764528847276,0.09468350193330938,0.08777334312619012,0.7286419587336065,High Risk
Nam,2006 - 2008,Sinh viên đại học / cao đẳng (năm 1-2),Hoàn toàn trực tiếp (đến trường / văn phòng ≥ 4 ngày/tuần),Cân bằng cả học lẫn giải trí,4,1,2,3,1,2,3,7,3,3,0,2,1,3,3,5,4,3,1.0,0.6666666666666666,0.5,1.0,0.5,0.4444444444444445,1.0,0.33333333333333337,0.75,0.7777777777777778,0.875,0.5,0.2634395880431646,0.2839629618520581,0.11708695006155634,0.08777334312619012,0.7522628430829691,High Risk
Nam,2006 - 2008,Sinh viên đại học / cao đẳng (năm 3-4+),Hoàn toàn trực tiếp (đến trường / văn phòng ≥ 4 ngày/tuần),Cân bằng cả học lẫn giải trí,4,1,3,3,1,2,0,7,2,2,2,1,3,4,6,4,4,4,1.0,0.16666666666666666,0.5,1.0,0.75,0.4444444444444445,0.33333333333333337,0.6666666666666667,0.25,0.6666666666666667,0.75,0.75,0.27642474947024387,0.26780503492078594,0.08299371655840275,0.04184175020737928,0.6690652511568117,Medium Risk
Nữ,2006 - 2008,Sinh viên đại học / cao đẳng (năm 1-2),Hoàn toàn trực tiếp (đến trường / văn phòng ≥ 4 ngày/tuần),Cân bằng cả học lẫn giải trí,3,2,3,3,0,1,0,7,3,3,0,2,2,6,3,4,5,5,0.75,0.3333333333333333,0.16666666666666666,1.0,0.75,0.4444444444444445,1.0,0.33333333333333337,0.5,0.4444444444444444,0.875,1.0,0.3104941346992689,0.21792902347778217,0.11708695006155634,0.05622756769043295,0.7017376759290403,High Risk
Nam,2006 - 2008,Sinh viên đại học / cao đẳng (năm 3-4+),Hoàn toàn trực tiếp (đến trường / văn phòng ≥ 4 ngày/tuần),Cân bằng cả học lẫn giải trí,4,2,2,3,2,1,0,7,3,1,3,2,1,3,3,3,4,5,1.0,0.3333333333333333,0.5,1.0,0.5,0.6666666666666666,0.0,0.33333333333333337,0.75,0.7777777777777778,0.625,1.0,0.22603646286165638,0.2731910105645433,0.069458077138553,0.08777334312619012,0.6564588936909428,Medium Risk
Nam,2003 - 2005,Sinh viên đại học / cao đẳng (năm 1-2),Hoàn toàn trực tiếp (đến trường / văn phòng ≥ 4 ngày/tuần),Cân bằng cả học lẫn giải trí,3,2,4,3,0,1,0,5,2,1,3,0,3,4,7,3,4,3,0.75,0.3333333333333333,0.16666666666666666,1.0,1.0,0.6296296296296297,0.0,1.0,0.25,0.6666666666666667,0.625,0.5,0.27404208825905235,0.21792902347778217,0.0876218240682774,0.04184175020737928,0.6214346860124912,Medium Risk
Nam,2000 - 2002,Sinh viên đại học / cao đẳng (năm 3-4+),Hoàn toàn trực tiếp (đến trường / văn phòng ≥ 4 ngày/tuần),Cân bằng cả học lẫn giải trí,3,1,4,3,1,2,1,7,3,2,0,2,2,5,6,4,4,4,0.75,0.3333333333333333,0.5,1.0,1.0,0.5555555555555557,1.0,0.33333333333333337,0.5,0.5555555555555556,0.75,0.75,0.3081114734880773,0.24015813883741366,0.12687768579242514,0.05965955928097365,0.7348068573988897,High Risk
Nữ,2000 - 2002,Sinh viên đại học / cao đẳng (năm 1-2),Hoàn toàn trực tiếp (đến trường / văn phòng ≥ 4 ngày/tuần),Cân bằng cả học lẫn giải trí,4,3,3,3,1,2,1,7,2,3,1,0,1,5,6,4,4,5,1.0,0.6666666666666666,0.5,1.0,0.75,0.3333333333333333,0.6666666666666667,1.0,0.75,0.5555555555555556,0.75,1.0,0.28410866078937935,0.2839629618520581,0.10632009170912127,0.08090935994510873,0.7553010742956675,High Risk
Nam,2006 - 2008,Sinh viên đại học / cao đẳng (năm 1-2),Hoàn toàn trực tiếp (đến trường / văn phòng ≥ 4 ngày/tuần),Cân bằng cả học lẫn giải trí,3,2,2,3,2,1,0,5,3,2,2,0,3,4,6,4,5,5,0.75,0.3333333333333333,0.5,1.0,0.5,0.6296296296296297,0.33333333333333337,1.0,0.25,0.6666666666666667,0.875,1.0,0.2788074106814355,0.24015813883741366,0.11002527219652437,0.04184175020737928,0.6708325719227528,Medium Risk
Nữ,2000 - 2002,Sinh viên đại học / cao đẳng (năm 1-2),Hoàn toàn trực tiếp (đến trường / văn phòng ≥ 4 ngày/tuần),Cân bằng cả học lẫn giải trí,4,3,3,3,2,1,1,4,1,3,2,1,3,3,7,5,4,5,1.0,0.6666666666666666,0.5,1.0,0.75,0.3333333333333333,0.33333333333333337,0.6666666666666667,0.25,0.7777777777777778,0.875,1.0,0.3104941346992689,0.2839629618520581,0.07320298082753397,0.04527374179791997,0.7129338191767809,High Risk
Nữ,2003 - 2005,Sinh viên đại học / cao đẳng (năm 3-4+),Hoàn toàn trực tiếp (đến trường / văn phòng ≥ 4 ngày/tuần),Cân bằng cả học lẫn giải trí,3,1,4,3,1,2,1,6,1,3,0,1,3,3,6,3,5,3,0.75,0.3333333333333333,0.5,1.0,1.0,0.25925925925925924,1.0,0.6666666666666667,0.25,0.7777777777777778,0.75,0.5,0.3004275621689419,0.24015813883741366,0.11148271993011538,0.04527374179791997,0.6973421627343909,Medium Risk
Nữ,2006 - 2008,Sinh viên đại học / cao đẳng (năm 3-4+),Hoàn toàn trực tiếp (đến trường / văn phòng ≥ 4 ngày/tuần),Cân bằng cả học lẫn giải trí,3,2,4,3,2,1,0,4,1,2,1,1,2,4,6,4,5,4,0.75,0.3333333333333333,0.5,1.0,1.0,0.4444444444444445,0.6666666666666667,0.6666666666666667,0.5,0.6666666666666667,0.875,0.75,0.33449694739796687,0.24015813883741366,0.10539716468664971,0.06309155087151436,0.7431438017935446,High Risk
Nữ,2006 - 2008,Sinh viên đại học / cao đẳng (năm 3-4+),Hoàn toàn trực tiếp (đến trường / văn phòng ≥ 4 ngày/tuần),Cân bằng cả học lẫn giải trí,3,1,2,3,0,1,1,5,3,1,3,1,1,4,7,4,4,3,0.75,0.3333333333333333,0.16666666666666666,1.0,0.5,0.7407407407407408,0.0,0.6666666666666667,0.75,0.6666666666666667,0.75,0.5,0.23705411413327504,0.21792902347778217,0.08669889704580586,0.08434135153564942,0.6260233861925126,Medium Risk
Nam,2003 - 2005,Sinh viên đại học / cao đẳng (năm 1-2),Hoàn toàn trực tiếp (đến trường / văn phòng ≥ 4 ngày/tuần),Cân bằng cả học lẫn giải trí,3,2,4,3,1,2,0,5,2,2,2,2,1,5,3,5,5,3,0.75,0.3333333333333333,0.5,1.0,1.0,0.5185185185185186,0.33333333333333337,0.33333333333333337,0.75,0.5555555555555556,1.0,0.5,0.353198509988721,0.24015813883741366,0.07880721095897493,0.08090935994510873,0.7530732197302182,High Risk
Nam,2003 - 2005,Sinh viên đại học / cao đẳng (năm 1-2),Hoàn toàn trực tiếp (đến trường / văn phòng ≥ 4 ngày/tuần),Cân bằng cả học lẫn giải trí,4,2,2,3,1,1,0,6,3,3,0,0,2,4,3,4,4,3,1.0,0.3333333333333333,0.3333333333333333,1.0,0.5,0.48148148148148145,1.0,1.0,0.5,0.6666666666666667,0.75,0.5,0.23705411413327504,0.2620764528847276,0.14177785414519328,0.06309155087151436,0.7039999720347103,High Risk
Nữ,2003 - 2005,Sinh viên đại học / cao đẳng (năm 3-4+),Hoàn toàn trực tiếp (đến trường / văn phòng ≥ 4 ngày/tuần),Cân bằng cả học lẫn giải trí,3,1,2,3,0,2,1,7,3,3,3,0,2,4,6,4,4,3,0.75,0.3333333333333333,0.3333333333333333,1.0,0.5,0.4444444444444445,0.0,1.0,0.5,0.6666666666666667,0.75,0.5,0.23705411413327504,0.22904358115759793,0.07130393118349611,0.06309155087151436,0.6004931773458835,Low Risk
Nữ,2000 - 2002,Sinh viên đại học / cao đẳng (năm 1-2),Hoàn toàn trực tiếp (đến trường / văn phòng ≥ 4 ngày/tuần),Cân bằng cả học lẫn giải trí,3,3,4,3,2,2,0,4,1,1,0,2,3,5,4,3,4,3,0.75,0.5,0.6666666666666666,1.0,1.0,0.5555555555555556,1.0,0.33333333333333337,0.25,0.5555555555555556,0.625,0.5,0.27404208825905235,0.2566586721609868,0.12687768579242512,0.038409758616838575,0.6959882048293028,Medium Risk
Nữ,2003 - 2005,Sinh viên đại học / cao đẳng (năm 1-2),Hoàn toàn trực tiếp (đến trường / văn phòng ≥ 4 ngày/tuần),Cân bằng cả học lẫn giải trí,4,3,3,3,0,1,1,5,2,3,1,0,3,6,6,5,4,3,1.0,0.6666666666666666,0.16666666666666666,1.0,0.75,0.40740740740740744,0.6666666666666667,1.0,0.25,0.4444444444444444,0.875,0.5,0.295126312060998,0.26173384649242665,0.11284724886303378,0.034977767026297873,0.7046851744427562,High Risk
Nữ,2006 - 2008,Sinh viên đại học / cao đẳng (năm 1-2),Hoàn toàn trực tiếp (đến trường / văn phòng ≥ 4 ngày/tuần),Cân bằng cả học lẫn giải trí,4,3,2,3,0,1,0,5,1,3,3,2,3,4,4,5,4,5,1.0,0.5,0.16666666666666666,1.0,0.5,0.2962962962962963,0.0,0.33333333333333337,0.25,0.6666666666666667,0.875,1.0,0.2788074106814355,0.2563478708486692,0.03682229136899041,0.04184175020737928,0.6138193231064744,Low Risk
Nữ,2000 - 2002,Sinh viên đại học / cao đẳng (năm 3-4+),Hoàn toàn trực tiếp (đến trường / văn phòng ≥ 4 ngày/tuần),Cân bằng cả học lẫn giải trí,4,1,3,3,2,2,1,4,1,2,0,0,3,6,4,4,4,4,1.0,0.3333333333333333,0.6666666666666666,1.0,0.75,0.4444444444444445,1.0,1.0,0.25,0.4444444444444444,0.75,0.75,0.27642474947024387,0.2843055682443591,0.138514275568237,0.034977767026297873,0.7342223603091379,High Risk
Nữ,2006 - 2008,Sinh viên đại học / cao đẳng (năm 1-2),Hoàn toàn trực tiếp (đến trường / văn phòng ≥ 4 ngày/tuần),Cân bằng cả học lẫn giải trí,3,1,4,3,1,1,1,5,3,2,0,1,1,5,6,3,5,4,0.75,0.3333333333333333,0.3333333333333333,1.0,1.0,0.6296296296296297,1.0,0.6666666666666667,0.75,0.5555555555555556,0.75,0.75,0.3081114734880773,0.22904358115759793,0.14411850569967796,0.08090935994510873,0.762182920290462,High Risk
Nữ,2003 - 2005,Sinh viên đại học / cao đẳng (năm 1-2),Hoàn toàn trực tiếp (đến trường / văn phòng ≥ 4 ngày/tuần),Cân bằng cả học lẫn giải trí,3,3,3,3,1,2,0,7,1,2,3,2,1,6,7,4,5,5,0.75,0.5,0.5,1.0,0.75,0.3333333333333333,0.0,0.33333333333333337,0.75,0.4444444444444444,0.875,1.0,0.3104941346992689,0.24554411448117108,0.040085869945946664,0.07747736835456802,0.6736014874809546,Medium Risk
Nữ,2000 - 2002,Sinh viên đại học / cao đẳng (năm 1-2),Hoàn toàn trực tiếp (đến trường / văn phòng ≥ 4 ngày/tuần),Cân bằng cả học lẫn giải trí,4,3,2,3,1,2,0,7,1,2,2,1,3,6,3,4,5,5,1.0,0.5,0.5,1.0,0.5,0.3333333333333333,0.33333333333333337,0.6666666666666667,0.25,0.4444444444444444,0.875,1.0,0.2788074106814355,0.27857698620830074,0.07320298082753397,0.034977767026297873,0.6655651447435681,Medium Risk
Nữ,2003 - 2005,Sinh viên đại học / cao đẳng (năm 1-2),Hoàn toàn trực tiếp (đến trường / văn phòng ≥ 4 ngày/tuần),Cân bằng cả học lẫn giải trí,3,2,2,3,2,2,0,5,1,3,1,2,1,3,3,4,5,3,0.75,0.3333333333333333,0.6666666666666666,1.0,0.5,0.2962962962962963,0.6666666666666667,0.33333333333333337,0.75,0.7777777777777778,0.875,0.5,0.2634395880431646,0.25127269651722944,0.08162918762548434,0.08777334312619012,0.6841148153120684,Medium Risk
Nữ,2006 - 2008,Sinh viên đại học / cao đẳng (năm 1-2),Hoàn toàn trực tiếp (đến trường / văn phòng ≥ 4 ngày/tuần),Cân bằng cả học lẫn giải trí,4,1,2,3,2,1,0,7,3,2,1,1,1,4,3,3,4,3,1.0,0.16666666666666666,0.5,1.0,0.5,0.5555555555555557,0.6666666666666667,0.6666666666666667,0.75,0.6666666666666667,0.625,0.5,0.2106686402233855,0.26780503492078594,0.1151879004175185,0.08434135153564942,0.6780029270973393,Medium Risk
Nữ,2006 - 2008,Sinh viên đại học / cao đẳng (năm 3-4+),Hoàn toàn trực tiếp (đến trường / văn phòng ≥ 4 ngày/tuần),Cân bằng cả học lẫn giải trí,4,1,4,3,2,2,0,7,3,2,1,1,2,6,7,4,5,5,1.0,0.16666666666666666,0.6666666666666666,1.0,1.0,0.5555555555555557,0.6666666666666667,0.6666666666666667,0.5,0.4444444444444444,0.875,1.0,0.34218085871710235,0.27891959260060173,0.1151879004175185,0.05622756769043295,0.7925159194256555,High Risk
Nữ,2003 - 2005,Sinh viên đại học / cao đẳng (năm 1-2),Hoàn toàn trực tiếp (đến trường / văn phòng ≥ 4 ngày/tuần),Cân bằng cả học lẫn giải trí,3,2,3,3,0,1,1,7,3,3,2,0,1,5,6,3,4,5,0.75,0.5,0.16666666666666666,1.0,0.75,0.4444444444444445,0.33333333333333337,1.0,0.75,0.5555555555555556,0.625,1.0,0.2577231868794898,0.22331499912153957,0.09370737931174308,0.08090935994510873,0.6556549252578812,Medium Risk
Nữ,2006 - 2008,Sinh viên đại học / cao đẳng (năm 1-2),Hoàn toàn trực tiếp (đến trường / văn phòng ≥ 4 ngày/tuần),Cân bằng cả học lẫn giải trí,3,3,3,3,0,2,0,6,3,1,3,0,3,6,3,5,5,4,0.75,0.5,0.3333333333333333,1.0,0.75,0.7037037037037037,0.0,1.0,0.25,0.4444444444444444,1.0,0.75,0.32919569729002296,0.23442955680135535,0.09414898122218993,0.034977767026297873,0.6927520023398661,Medium Risk
Nữ,2003 - 2005,Sinh viên đại học / cao đẳng (năm 1-2),Hoàn toàn trực tiếp (đến trường / văn phòng ≥ 4 ngày/tuần),Cân bằng cả học lẫn giải trí,4,3,2,3,0,2,1,4,3,3,2,0,1,3,6,3,4,4,1.0,0.6666666666666666,0.3333333333333333,1.0,0.5,0.5555555555555556,0.33333333333333337,1.0,0.75,0.7777777777777778,0.625,0.75,0.21835255154252092,0.2728484041722424,0.10349811504261185,0.08777334312619012,0.6824724138835653,Medium Risk
Nữ,2003 - 2005,Sinh viên đại học / cao đẳng (năm 3-4+),Hoàn toàn trực tiếp (đến trường / văn phòng ≥ 4 ngày/tuần),Cân bằng cả học lẫn giải trí,4,1,4,3,1,2,0,6,2,3,1,1,2,4,4,5,5,3,1.0,0.16666666666666666,0.5,1.0,1.0,0.3703703703703704,0.6666666666666667,0.6666666666666667,0.5,0.6666666666666667,1.0,0.5,0.353198509988721,0.26780503492078594,0.0988700075327372,0.06309155087151436,0.7829651033137586,High Risk
Nữ,2003 - 2005,Sinh viên đại học / cao đẳng (năm 1-2),Hoàn toàn trực tiếp (đến trường / văn phòng ≥ 4 ngày/tuần),Cân bằng cả học lẫn giải trí,4,1,2,3,1,2,1,5,3,2,3,0,3,3,3,3,4,4,1.0,0.3333333333333333,0.5,1.0,0.5,0.6296296296296297,0.0,1.0,0.25,0.7777777777777778,0.625,0.75,0.21835255154252092,0.2731910105645433,0.0876218240682774,0.04527374179791997,0.6244391279732616,Medium Risk
Nữ,2003 - 2005,Sinh viên đại học / cao đẳng (năm 3-4+),Hoàn toàn trực tiếp (đến trường / văn phòng ≥ 4 ngày/tuần),Cân bằng cả học lẫn giải trí,3,2,4,3,1,2,0,5,3,1,3,2,1,4,6,5,5,5,0.75,0.3333333333333333,0.5,1.0,1.0,0.7407407407407408,0.0,0.33333333333333337,0.75,0.6666666666666667,1.0,1.0,0.3685663326269919,0.24015813883741366,0.07598523429246552,0.08434135153564942,0.7690510572925204,High Risk
Nữ,2006 - 2008,Sinh viên đại học / cao đẳng (năm 1-2),Hoàn toàn trực tiếp (đến trường / văn phòng ≥ 4 ngày/tuần),Cân bằng cả học lẫn giải trí,4,2,2,3,0,1,1,6,3,2,3,0,1,3,3,3,4,5,1.0,0.5,0.16666666666666666,1.0,0.5,0.5925925925925926,0.0,1.0,0.75,0.7777777777777778,0.625,1.0,0.22603646286165638,0.2563478708486692,0.08435824549132115,0.08777334312619012,0.6545159223278368,Medium Risk
Nữ,2006 - 2008,Sinh viên đại học / cao đẳng (năm 3-4+),Hoàn toàn trực tiếp (đến trường / văn phòng ≥ 4 ngày/tuần),Cân bằng cả học lẫn giải trí,3,3,2,3,0,1,1,7,2,1,2,2,3,3,3,5,4,3,0.75,0.6666666666666666,0.16666666666666666,1.0,0.5,0.5555555555555556,0.33333333333333337,0.33333333333333337,0.25,0.7777777777777778,0.875,0.5,0.2634395880431646,0.228700974765297,0.08207078953593118,0.04527374179791997,0.6194850941423128,Medium Risk
Nữ,2006 - 2008,Sinh viên đại học / cao đẳng (năm 1-2),Hoàn toàn trực tiếp (đến trường / văn phòng ≥ 4 ngày/tuần),Cân bằng cả học lẫn giải trí,3,2,2,3,1,2,0,5,2,2,2,0,3,3,6,5,4,5,0.75,0.3333333333333333,0.5,1.0,0.5,0.5185185185185186,0.33333333333333337,1.0,0.25,0.7777777777777778,0.875,1.0,0.2788074106814355,0.24015813883741366,0.1002345364656556,0.04527374179791997,0.6644738277824248,Medium Risk
Nữ,2003 - 2005,Sinh viên đại học / cao đẳng (năm 3-4+),Hoàn toàn trực tiếp (đến trường / văn phòng ≥ 4 ngày/tuần),Cân bằng cả học lẫn giải trí,4,2,3,3,0,2,0,6,1,3,3,0,1,5,3,5,5,3,1.0,0.3333333333333333,0.3333333333333333,1.0,0.75,0.25925925925925924,0.0,1.0,0.75,0.5555555555555556,1.0,0.5,0.32151178597088753,0.2620764528847276,0.05498603829871481,0.08090935994510873,0.7194836370994386,High Risk
Nữ,2003 - 2005,Sinh viên đại học / cao đẳng (năm 1-2),Hoàn toàn trực tiếp (đến trường / văn phòng ≥ 4 ngày/tuần),Cân bằng cả học lẫn giải trí,3,3,4,3,1,2,0,5,3,1,1,0,2,5,7,5,4,3,0.75,0.5,0.5,1.0,1.0,0.7407407407407408,0.6666666666666667,1.0,0.5,0.5555555555555556,0.875,0.5,0.32681303607883144,0.24554411448117108,0.14221945605564013,0.05965955928097365,0.7742361658966163,High Risk
Nữ,2006 - 2008,Sinh viên đại học / cao đẳng (năm 1-2),Hoàn toàn trực tiếp (đến trường / văn phòng ≥ 4 ngày/tuần),Cân bằng cả học lẫn giải trí,3,3,2,3,1,2,0,6,3,1,1,1,2,4,3,4,4,5,0.75,0.5,0.5,1.0,0.5,0.7037037037037037,0.6666666666666667,0.6666666666666667,0.5,0.6666666666666667,0.75,1.0,0.25242193677154595,0.24554411448117108,0.12824221472534353,0.06309155087151436,0.689299816849575,Medium Risk
Nữ,2003 - 2005,Sinh viên đại học / cao đẳng (năm 3-4+),Hoàn toàn trực tiếp (đến trường / văn phòng ≥ 4 ngày/tuần),Cân bằng cả học lẫn giải trí,3,1,4,3,1,1,1,7,1,2,2,0,3,4,7,5,5,4,0.75,0.3333333333333333,0.3333333333333333,1.0,1.0,0.3333333333333333,0.33333333333333337,1.0,0.25,0.6666666666666667,1.0,0.75,0.3608824213078564,0.22904358115759793,0.0839166435808743,0.04184175020737928,0.7156843962537079,High Risk
Nữ,2006 - 2008,Sinh viên đại học / cao đẳng (năm 1-2),Hoàn toàn trực tiếp (đến trường / văn phòng ≥ 4 ngày/tuần),Cân bằng cả học lẫn giải trí,3,2,2,3,0,1,0,4,3,1,2,1,2,5,4,3,5,3,0.75,0.3333333333333333,0.16666666666666666,1.0,0.5,0.7777777777777778,0.33333333333333337,0.6666666666666667,0.5,0.5555555555555556,0.75,0.5,0.23705411413327504,0.21792902347778217,0.11236592375100907,0.05965955928097365,0.62700862064304,Medium Risk
Nữ,2000 - 2002,Sinh viên đại học / cao đẳng (năm 3-4+),Hoàn toàn trực tiếp (đến trường / văn phòng ≥ 4 ngày/tuần),Cân bằng cả học lẫn giải trí,3,3,2,3,0,2,1,5,1,1,2,0,2,5,7,3,4,3,0.75,0.6666666666666666,0.3333333333333333,1.0,0.5,0.5185185185185185,0.33333333333333337,1.0,0.5,0.5555555555555556,0.625,0.5,0.2106686402233855,0.23981553244511275,0.1002345364656556,0.05965955928097365,0.6103782684151275,Low Risk
Nữ,2003 - 2005,Sinh viên đại học / cao đẳng (năm 1-2),Hoàn toàn trực tiếp (đến trường / văn phòng ≥ 4 ngày/tuần),Cân bằng cả học lẫn giải trí,3,3,4,3,2,1,0,7,2,3,1,0,2,6,3,3,4,3,0.75,0.5,0.5,1.0,1.0,0.3333333333333333,0.6666666666666667,1.0,0.5,0.4444444444444444,0.625,0.5,0.27404208825905235,0.24554411448117108,0.10632009170912127,0.05622756769043295,0.6821338621397776,Medium Risk
Nữ,2006 - 2008,Sinh viên đại học / cao đẳng (năm 3-4+),Hoàn toàn trực tiếp (đến trường / văn phòng ≥ 4 ngày/tuần),Cân bằng cả học lẫn giải trí,3,3,4,3,0,1,1,6,3,3,1,2,3,5,3,4,4,3,0.75,0.6666666666666666,0.16666666666666666,1.0,1.0,0.48148148148148145,0.6666666666666667,0.33333333333333337,0.25,0.5555555555555556,0.75,0.5,0.3004275621689419,0.228700974765297,0.09794708051026564,0.038409758616838575,0.6654853760613432,Medium Risk
Nữ,2000 - 2002,Sinh viên đại học / cao đẳng (năm 1-2),Hoàn toàn trực tiếp (đến trường / văn phòng ≥ 4 ngày/tuần),Cân bằng cả học lẫn giải trí,4,2,3,3,0,2,0,6,2,2,1,0,1,3,7,5,5,4,1.0,0.3333333333333333,0.3333333333333333,1.0,0.75,0.48148148148148157,0.6666666666666667,1.0,0.75,0.7777777777777778,1.0,0.75,0.32919569729002296,0.2620764528847276,0.11937440601694631,0.08777334312619012,0.7984198993178869,High Risk
Nữ,2003 - 2005,Sinh viên đại học / cao đẳng (năm 1-2),Hoàn toàn trực tiếp (đến trường / văn phòng ≥ 4 ngày/tuần),Cân bằng cả học lẫn giải trí,3,3,3,3,2,2,1,6,2,2,2,0,3,6,6,5,4,5,0.75,0.6666666666666666,0.6666666666666666,1.0,0.75,0.48148148148148157,0.33333333333333337,1.0,0.25,0.4444444444444444,0.875,1.0,0.3104941346992689,0.26204464780474424,0.09697095788869935,0.034977767026297873,0.7044875074190103,High Risk
Nữ,2003 - 2005,Sinh viên đại học / cao đẳng (năm 3-4+),Hoàn toàn trực tiếp (đến trường / văn phòng ≥ 4 ngày/tuần),Cân bằng cả học lẫn giải trí,3,1,4,3,1,2,1,7,1,2,1,1,2,5,4,4,4,4,0.75,0.3333333333333333,0.5,1.0,1.0,0.3333333333333333,0.6666666666666667,0.6666666666666667,0.5,0.5555555555555556,0.75,0.75,0.3081114734880773,0.24015813883741366,0.09560642895578093,0.05965955928097365,0.7035356005622456,High Risk
Nữ,2006 - 2008,Sinh viên đại học / cao đẳng (năm 3-4+),Hoàn toàn trực tiếp (đến trường / văn phòng ≥ 4 ngày/tuần),Cân bằng cả học lẫn giải trí,3,2,3,3,1,2,0,6,1,1,3,2,1,4,4,3,5,4,0.75,0.3333333333333333,0.5,1.0,0.75,0.48148148148148145,0.0,0.33333333333333337,0.75,0.6666666666666667,0.75,0.75,0.27642474947024387,0.24015813883741366,0.0531401842537717,0.08434135153564942,0.6540644240970785,Medium Risk
Nữ,2003 - 2005,Sinh viên đại học / cao đẳng (năm 1-2),Hoàn toàn trực tiếp (đến trường / văn phòng ≥ 4 ngày/tuần),Cân bằng cả học lẫn giải trí,3,2,4,3,0,1,0,5,3,3,2,2,1,5,6,4,5,3,0.75,0.3333333333333333,0.16666666666666666,1.0,1.0,0.5185185185185185,0.33333333333333337,0.33333333333333337,0.75,0.5555555555555556,0.875,0.5,0.32681303607883144,0.21792902347778217,0.07880721095897493,0.08090935994510873,0.7044586304606972,High Risk
Nữ,2003 - 2005,Sinh viên đại học / cao đẳng (năm 3-4+),Hoàn toàn trực tiếp (đến trường / văn phòng ≥ 4 ngày/tuần),Cân bằng cả học lẫn giải trí,3,3,2,3,0,1,0,6,1,3,1,0,3,4,3,5,5,5,0.75,0.5,0.16666666666666666,1.0,0.5,0.25925925925925924,0.6666666666666667,1.0,0.25,0.6666666666666667,1.0,1.0,0.30519288459132504,0.22331499912153957,0.09979293455520875,0.04184175020737928,0.6701425684754526,Medium Risk
Nữ,2003 - 2005,Sinh viên đại học / cao đẳng (năm 1-2),Hoàn toàn trực tiếp (đến trường / văn phòng ≥ 4 ngày/tuần),Cân bằng cả học lẫn giải trí,4,1,3,3,2,1,1,6,3,2,1,1,2,4,6,4,5,4,1.0,0.3333333333333333,0.5,1.0,0.75,0.5925925925925926,0.6666666666666667,0.6666666666666667,0.5,0.6666666666666667,0.875,0.75,0.3028102233801334,0.2731910105645433,0.11845147899447475,0.06309155087151436,0.7575442638106658,High Risk
Nữ,2000 - 2002,Sinh viên đại học / cao đẳng (năm 3-4+),Hoàn toàn trực tiếp (đến trường / văn phòng ≥ 4 ngày/tuần),Cân bằng cả học lẫn giải trí,4,1,3,3,1,1,0,5,2,2,3,0,3,6,3,4,4,5,1.0,0.16666666666666666,0.3333333333333333,1.0,0.75,0.5185185185185186,0.0,1.0,0.25,0.4444444444444444,0.75,1.0,0.28410866078937935,0.2566904772409702,0.07783108833740864,0.034977767026297873,0.6536079933940561,Medium Risk
Nữ,2006 - 2008,Sinh viên đại học / cao đẳng (năm 3-4+),Hoàn toàn trực tiếp (đến trường / văn phòng ≥ 4 ngày/tuần),Cân bằng cả học lẫn giải trí,4,2,4,3,2,1,0,5,2,1,2,1,3,5,4,3,4,5,1.0,0.3333333333333333,0.5,1.0,1.0,0.6296296296296297,0.33333333333333337,0.6666666666666667,0.25,0.5555555555555556,0.625,1.0,0.28940991089732326,0.2731910105645433,0.09931160944318404,0.038409758616838575,0.7003222895218892,Medium Risk
Nữ,2000 - 2002,Sinh viên đại học / cao đẳng (năm 1-2),Hoàn toàn trực tiếp (đến trường / văn phòng ≥ 4 ngày/tuần),Cân bằng cả học lẫn giải trí,4,2,4,3,0,1,0,7,3,3,3,2,1,6,7,5,4,4,1.0,0.3333333333333333,0.16666666666666666,1.0,1.0,0.4444444444444445,0.0,0.33333333333333337,0.75,0.4444444444444444,0.875,0.75,0.33449694739796687,0.25096189520491186,0.04987660567681544,0.07747736835456802,0.7128128166342621,High Risk
Nữ,2006 - 2008,Sinh viên đại học / cao đẳng (năm 1-2),Hoàn toàn trực tiếp (đến trường / văn phòng ≥ 4 ngày/tuần),Cân bằng cả học lẫn giải trí,4,2,2,3,0,2,0,7,1,1,2,2,2,5,7,4,4,3,1.0,0.3333333333333333,0.3333333333333333,1.0,0.5,0.4444444444444445,0.33333333333333337,0.33333333333333337,0.5,0.5555555555555556,0.75,0.5,0.23705411413327504,0.2620764528847276,0.07228005380506242,0.05965955928097365,0.6310701801040387,Medium Risk
Nữ,2006 - 2008,Sinh viên đại học / cao đẳng (năm 3-4+),Hoàn toàn trực tiếp (đến trường / văn phòng ≥ 4 ngày/tuần),Cân bằng cả học lẫn giải trí,3,1,4,3,1,2,1,7,1,3,1,2,1,5,4,3,5,4,0.75,0.3333333333333333,0.5,1.0,1.0,0.22222222222222224,0.6666666666666667,0.33333333333333337,0.75,0.5555555555555556,0.75,0.75,0.3081114734880773,0.24015813883741366,0.07510203047157182,0.08090935994510873,0.7042810027421715,High Risk
Nữ,2006 - 2008,Sinh viên đại học / cao đẳng (năm 3-4+),Hoàn toàn trực tiếp (đến trường / văn phòng ≥ 4 ngày/tuần),Cân bằng cả học lẫn giải trí,3,3,3,3,2,1,1,5,2,1,2,2,1,6,7,3,5,5,0.75,0.6666666666666666,0.5,1.0,0.75,0.6296296296296297,0.33333333333333337,0.33333333333333337,0.75,0.4444444444444444,0.75,1.0,0.28410866078937935,0.25093009012492845,0.0885979466898437,0.07747736835456802,0.7011140659587194,Medium Risk
Nữ,2006 - 2008,Sinh viên đại học / cao đẳng (năm 1-2),Hoàn toàn trực tiếp (đến trường / văn phòng ≥ 4 ngày/tuần),Cân bằng cả học lẫn giải trí,3,3,4,3,2,1,1,6,2,3,1,0,3,5,7,4,5,5,0.75,0.6666666666666666,0.5,1.0,1.0,0.3703703703703704,0.6666666666666667,1.0,0.25,0.5555555555555556,0.875,1.0,0.34218085871710235,0.25093009012492845,0.10958367028607753,0.038409758616838575,0.7411043777449469,High Risk
Nữ,2006 - 2008,Sinh viên đại học / cao đẳng (năm 1-2),Hoàn toàn trực tiếp (đến trường / văn phòng ≥ 4 ngày/tuần),Cân bằng cả học lẫn giải trí,3,3,4,3,2,2,1,6,1,3,2,0,1,5,4,3,4,3,0.75,0.6666666666666666,0.6666666666666666,1.0,1.0,0.25925925925925924,0.33333333333333337,1.0,0.75,0.5555555555555556,0.625,0.5,0.27404208825905235,0.26204464780474424,0.07738948642696178,0.08090935994510873,0.6943855824358671,Medium Risk
Nữ,2000 - 2002,Sinh viên đại học / cao đẳng (năm 1-2),Hoàn toàn trực tiếp (đến trường / văn phòng ≥ 4 ngày/tuần),Cân bằng cả học lẫn giải trí,3,3,3,3,1,2,1,5,2,2,2,0,3,6,4,3,5,4,0.75,0.6666666666666666,0.5,1.0,0.75,0.5185185185185186,0.33333333333333337,1.0,0.25,0.4444444444444444,0.75,0.75,0.27642474947024387,0.25093009012492845,0.1002345364656556,0.034977767026297873,0.6625671430871258,Medium Risk
Nữ,2006 - 2008,Sinh viên đại học / cao đẳng (năm 3-4+),Hoàn toàn trực tiếp (đến trường / văn phòng ≥ 4 ngày/tuần),Cân bằng cả học lẫn giải trí,4,2,4,3,2,2,1,5,2,2,1,2,3,4,4,3,4,3,1.0,0.5,0.6666666666666666,1.0,1.0,0.5185185185185186,0.6666666666666667,0.33333333333333337,0.25,0.6666666666666667,0.625,0.5,0.27404208825905235,0.2896915438881165,0.1012106590872219,0.04184175020737928,0.70678604144177,High Risk
Nữ,2006 - 2008,Sinh viên đại học / cao đẳng (năm 3-4+),Hoàn toàn trực tiếp (đến trường / văn phòng ≥ 4 ngày/tuần),Cân bằng cả học lẫn giải trí,3,2,3,3,1,1,1,6,1,3,1,2,1,5,6,4,4,5,0.75,0.5,0.3333333333333333,1.0,0.75,0.25925925925925924,0.6666666666666667,0.33333333333333337,0.75,0.5555555555555556,0.75,1.0,0.28410866078937935,0.23442955680135535,0.07836560904852809,0.08090935994510873,0.6778131865843715,Medium Risk
Nữ,2006 - 2008,Sinh viên đại học / cao đẳng (năm 3-4+),Hoàn toàn trực tiếp (đến trường / văn phòng ≥ 4 ngày/tuần),Cân bằng cả học lẫn giải trí,3,2,4,3,0,1,1,7,2,3,2,2,3,4,3,4,4,5,0.75,0.5,0.16666666666666666,1.0,1.0,0.3333333333333333,0.33333333333333337,0.33333333333333337,0.25,0.6666666666666667,0.75,1.0,0.3157953848072128,0.22331499912153957,0.06248931807419363,0.04184175020737928,0.6434414522103252,Medium Risk
Nữ,2006 - 2008,Sinh viên đại học / cao đẳng (năm 3-4+),Hoàn toàn trực tiếp (đến trường / văn phòng ≥ 4 ngày/tuần),Cân bằng cả học lẫn giải trí,3,2,3,3,2,1,1,5,1,2,1,1,3,4,4,3,4,4,0.75,0.5,0.5,1.0,0.75,0.40740740740740744,0.6666666666666667,0.6666666666666667,0.25,0.6666666666666667,0.625,0.75,0.2500392755603544,0.24554411448117108,0.10213358610969345,0.04184175020737928,0.6395587263585981,Medium Risk
Nữ,2006 - 2008,Sinh viên đại học / cao đẳng (năm 3-4+),Hoàn toàn trực tiếp (đến trường / văn phòng ≥ 4 ngày/tuần),Cân bằng cả học lẫn giải trí,4,2,4,3,1,2,1,6,1,2,1,1,1,4,7,3,5,4,1.0,0.5,0.5,1.0,1.0,0.3703703703703704,0.6666666666666667,0.6666666666666667,0.75,0.6666666666666667,0.75,0.75,0.3081114734880773,0.27857698620830074,0.0988700075327372,0.08434135153564942,0.7698998187647648,High Risk
Nữ,2003 - 2005,Sinh viên đại học / cao đẳng (năm 1-2),Hoàn toàn trực tiếp (đến trường / văn phòng ≥ 4 ngày/tuần),Cân bằng cả học lẫn giải trí,4,2,3,3,1,1,1,5,2,2,2,1,3,4,3,4,5,5,1.0,0.5,0.3333333333333333,1.0,0.75,0.5185185185185186,0.33333333333333337,0.6666666666666667,0.25,0.6666666666666667,0.875,1.0,0.3104941346992689,0.267462428528485,0.08952087371231526,0.04184175020737928,0.7093191871474483,High Risk
Nữ,2003 - 2005,Sinh viên đại học / cao đẳng (năm 1-2),Hoàn toàn trực tiếp (đến trường / văn phòng ≥ 4 ngày/tuần),Cân bằng cả học lẫn giải trí,4,3,3,3,1,1,1,6,2,1,1,1,3,4,4,3,5,4,1.0,0.6666666666666666,0.3333333333333333,1.0,0.75,0.5925925925925927,0.6666666666666667,0.6666666666666667,0.25,0.6666666666666667,0.75,0.75,0.27642474947024387,0.2728484041722424,0.11845147899447475,0.04184175020737928,0.7095663828443401,High Risk
Nữ,2003 - 2005,Sinh viên đại học / cao đẳng (năm 3-4+),Hoàn toàn trực tiếp (đến trường / văn phòng ≥ 4 ngày/tuần),Cân bằng cả học lẫn giải trí,3,2,4,3,1,1,1,5,1,2,1,1,1,6,3,4,5,5,0.75,0.5,0.3333333333333333,1.0,1.0,0.40740740740740744,0.6666666666666667,0.6666666666666667,0.75,0.4444444444444444,0.875,1.0,0.34218085871710235,0.23442955680135535,0.10213358610969345,0.07747736835456802,0.7562213699827192,High Risk
Nữ,2006 - 2008,Sinh viên đại học / cao đẳng (năm 3-4+),Hoàn toàn trực tiếp (đến trường / văn phòng ≥ 4 ngày/tuần),Cân bằng cả học lẫn giải trí,4,3,4,3,1,2,1,5,1,2,2,0,1,5,4,3,4,3,1.0,0.6666666666666666,0.5,1.0,1.0,0.40740740740740744,0.33333333333333337,1.0,0.75,0.5555555555555556,0.625,0.5,0.27404208825905235,0.2839629618520581,0.09044380073478682,0.08090935994510873,0.729358210791006,High Risk
Nữ,2003 - 2005,Sinh viên đại học / cao đẳng (năm 3-4+),Hoàn toàn trực tiếp (đến trường / văn phòng ≥ 4 ngày/tuần),Cân bằng cả học lẫn giải trí,3,3,3,3,0,1,1,6,2,1,1,2,3,5,6,3,4,4,0.75,0.6666666666666666,0.16666666666666666,1.0,0.75,0.5925925925925927,0.6666666666666667,0.33333333333333337,0.25,0.5555555555555556,0.625,0.75,0.2500392755603544,0.228700974765297,0.10773781624113442,0.038409758616838575,0.6248878251836244,Medium Risk
Nữ,2003 - 2005,Sinh viên đại học / cao đẳng (năm 1-2),Hoàn toàn trực tiếp (đến trường / văn phòng ≥ 4 ngày/tuần),Cân bằng cả học lẫn giải trí,3,3,4,3,1,2,1,6,1,1,1,0,2,6,6,4,4,3,0.75,0.6666666666666666,0.5,1.0,1.0,0.48148148148148145,0.6666666666666667,1.0,0.5,0.4444444444444444,0.75,0.5,0.3004275621689419,0.25093009012492845,0.11937440601694631,0.05622756769043295,0.7269596260012495,High Risk
Nữ,2003 - 2005,Sinh viên đại học / cao đẳng (năm 3-4+),Hoàn toàn trực tiếp (đến trường / văn phòng ≥ 4 ngày/tuần),Cân bằng cả học lẫn giải trí,3,3,4,3,1,2,1,7,1,2,1,2,3,4,4,4,4,3,0.75,0.6666666666666666,0.5,1.0,1.0,0.3333333333333333,0.6666666666666667,0.33333333333333337,0.25,0.6666666666666667,0.75,0.5,0.3004275621689419,0.25093009012492845,0.0848927662024406,0.04184175020737928,0.6780921687036902,Medium Risk
Nữ,2006 - 2008,Sinh viên đại học / cao đẳng (năm 1-2),Hoàn toàn trực tiếp (đến trường / văn phòng ≥ 4 ngày/tuần),Cân bằng cả học lẫn giải trí,4,3,4,3,0,1,1,6,2,3,1,1,1,4,7,4,4,4,1.0,0.6666666666666666,0.16666666666666666,1.0,1.0,0.3703703703703704,0.6666666666666667,0.6666666666666667,0.75,0.6666666666666667,0.75,0.75,0.3081114734880773,0.26173384649242665,0.0988700075327372,0.08434135153564942,0.7530566790488906,High Risk
Nữ,2003 - 2005,Sinh viên đại học / cao đẳng (năm 3-4+),Hoàn toàn trực tiếp (đến trường / văn phòng ≥ 4 ngày/tuần),Cân bằng cả học lẫn giải trí,3,3,4,3,0,1,1,7,1,3,2,2,3,4,6,4,4,4,0.75,0.6666666666666666,0.16666666666666666,1.0,1.0,0.22222222222222224,0.33333333333333337,0.33333333333333337,0.25,0.6666666666666667,0.75,0.75,0.3081114734880773,0.228700974765297,0.052698582343324855,0.04184175020737928,0.6313527808040783,Medium Risk
Nữ,2003 - 2005,Sinh viên đại học / cao đẳng (năm 3-4+),Hoàn toàn trực tiếp (đến trường / văn phòng ≥ 4 ngày/tuần),Cân bằng cả học lẫn giải trí,4,3,4,3,1,1,1,7,1,2,2,2,3,5,6,3,4,3,1.0,0.6666666666666666,0.3333333333333333,1.0,1.0,0.3333333333333333,0.33333333333333337,0.33333333333333337,0.25,0.5555555555555556,0.625,0.5,0.27404208825905235,0.2728484041722424,0.06248931807419363,0.038409758616838575,0.647789569122327,Medium Risk
Nữ,2006 - 2008,Sinh viên đại học / cao đẳng (năm 1-2),Hoàn toàn trực tiếp (đến trường / văn phòng ≥ 4 ngày/tuần),Cân bằng cả học lẫn giải trí,4,3,3,3,0,2,1,6,1,1,2,2,2,6,3,4,4,4,1.0,0.6666666666666666,0.3333333333333333,1.0,0.75,0.48148148148148145,0.33333333333333337,0.33333333333333337,0.5,0.4444444444444444,0.75,0.75,0.27642474947024387,0.2728484041722424,0.07554363238201867,0.05622756769043295,0.6810443537149378,Medium Risk
Nữ,2003 - 2005,Sinh viên đại học / cao đẳng (năm 1-2),Hoàn toàn trực tiếp (đến trường / văn phòng ≥ 4 ngày/tuần),Cân bằng cả học lẫn giải trí,4,3,3,3,0,1,1,7,1,2,1,0,3,6,3,3,4,5,1.0,0.6666666666666666,0.16666666666666666,1.0,0.75,0.3333333333333333,0.6666666666666667,1.0,0.25,0.4444444444444444,0.625,1.0,0.2577231868794898,0.26173384649242665,0.10632009170912127,0.034977767026297873,0.6607548921073355,Medium Risk
Nữ,2003 - 2005,Sinh viên đại học / cao đẳng (năm 3-4+),Hoàn toàn trực tiếp (đến trường / văn phòng ≥ 4 ngày/tuần),Cân bằng cả học lẫn giải trí,4,2,3,3,1,2,1,7,2,1,1,1,2,4,3,3,5,5,1.0,0.5,0.5,1.0,0.75,0.5555555555555556,0.6666666666666667,0.6666666666666667,0.5,0.6666666666666667,0.75,1.0,0.28410866078937935,0.27857698620830074,0.11518790041751849,0.06309155087151436,0.7409650982867129,High Risk
Nữ,2006 - 2008,Sinh viên đại học / cao đẳng (năm 3-4+),Hoàn toàn trực tiếp (đến trường / văn phòng ≥ 4 ngày/tuần),Cân bằng cả học lẫn giải trí,3,3,4,3,0,1,1,7,1,2,2,0,3,6,7,3,4,4,0.75,0.6666666666666666,0.16666666666666666,1.0,1.0,0.3333333333333333,0.33333333333333337,1.0,0.25,0.4444444444444444,0.625,0.75,0.2817259995781878,0.228700974765297,0.0839166435808743,0.034977767026297873,0.6293213849506569,Medium Risk
Nữ,2003 - 2005,Sinh viên đại học / cao đẳng (năm 3-4+),Hoàn toàn trực tiếp (đến trường / văn phòng ≥ 4 ngày/tuần),Cân bằng cả học lẫn giải trí,3,3,3,3,0,1,1,5,2,2,1,2,2,6,3,4,4,4,0.75,0.6666666666666666,0.16666666666666666,1.0,0.75,0.5185185185185186,0.6666666666666667,0.33333333333333337,0.5,0.4444444444444444,0.75,0.75,0.27642474947024387,0.228700974765297,0.1012106590872219,0.05622756769043295,0.6625639510131958,Medium Risk
Nữ,2006 - 2008,Sinh viên đại học / cao đẳng (năm 1-2),Hoàn toàn trực tiếp (đến trường / văn phòng ≥ 4 ngày/tuần),Cân bằng cả học lẫn giải trí,4,3,4,3,0,1,1,6,1,2,1,1,3,6,6,4,4,5,1.0,0.6666666666666666,0.16666666666666666,1.0,1.0,0.3703703703703704,0.6666666666666667,0.6666666666666667,0.25,0.4444444444444444,0.75,1.0,0.3157953848072128,0.26173384649242665,0.0988700075327372,0.034977767026297873,0.7113770058586745,High Risk
Nữ,2006 - 2008,Sinh viên đại học / cao đẳng (năm 1-2),Hoàn toàn trực tiếp (đến trường / văn phòng ≥ 4 ngày/tuần),Cân bằng cả học lẫn giải trí,3,2,3,3,1,2,1,6,2,1,1,2,3,4,4,3,5,5,0.75,0.5,0.5,1.0,0.75,0.5925925925925927,0.6666666666666667,0.33333333333333337,0.25,0.6666666666666667,0.75,1.0,0.28410866078937935,0.24554411448117108,0.10773781624113442,0.04184175020737928,0.6792323417190641,Medium Risk
Nữ,2006 - 2008,Sinh viên đại học / cao đẳng (năm 3-4+),Hoàn toàn trực tiếp (đến trường / văn phòng ≥ 4 ngày/tuần),Cân bằng cả học lẫn giải trí,4,2,3,3,0,2,1,6,1,2,1,2,1,4,3,4,4,3,1.0,0.5,0.3333333333333333,1.0,0.75,0.3703703703703704,0.6666666666666667,0.33333333333333337,0.75,0.6666666666666667,0.75,0.5,0.26874083815110844,0.267462428528485,0.08815634477939686,0.08434135153564942,0.7087009629946397,High Risk
Nữ,2006 - 2008,Sinh viên đại học / cao đẳng (năm 1-2),Hoàn toàn trực tiếp (đến trường / văn phòng ≥ 4 ngày/tuần),Cân bằng cả học lẫn giải trí,4,3,3,3,1,2,1,7,2,1,2,0,1,5,3,4,4,3,1.0,0.6666666666666666,0.5,1.0,0.75,0.5555555555555556,0.33333333333333337,1.0,0.75,0.5555555555555556,0.75,0.5,0.26874083815110844,0.2839629618520581,0.10349811504261185,0.08090935994510873,0.7371112749908871,High Risk
Nữ,2003 - 2005,Sinh viên đại học / cao đẳng (năm 1-2),Hoàn toàn trực tiếp (đến trường / văn phòng ≥ 4 ngày/tuần),Cân bằng cả học lẫn giải trí,3,2,3,3,0,1,1,5,2,2,1,2,2,5,3,3,5,5,0.75,0.5,0.16666666666666666,1.0,0.75,0.5185185185185186,0.6666666666666667,0.33333333333333337,0.5,0.5555555555555556,0.75,1.0,0.28410866078937935,0.22331499912153957,0.1012106590872219,0.05965955928097365,0.6682938782791146,Medium Risk
Nữ,2006 - 2008,Sinh viên đại học / cao đẳng (năm 3-4+),Hoàn toàn trực tiếp (đến trường / văn phòng ≥ 4 ngày/tuần),Cân bằng cả học lẫn giải trí,3,3,3,3,1,1,1,7,1,2,1,1,3,5,3,4,4,4,0.75,0.6666666666666666,0.3333333333333333,1.0,0.75,0.3333333333333333,0.6666666666666667,0.6666666666666667,0.25,0.5555555555555556,0.75,0.75,0.27642474947024387,0.23981553244511275,0.09560642895578093,0.038409758616838575,0.6502564694879762,Medium Risk
Nữ,2006 - 2008,Sinh viên đại học / cao đẳng (năm 3-4+),Hoàn toàn trực tiếp (đến trường / văn phòng ≥ 4 ngày/tuần),Cân bằng cả học lẫn giải trí,4,2,4,3,1,1,1,7,2,1,1,2,2,6,4,4,4,5,1.0,0.5,0.3333333333333333,1.0,1.0,0.5555555555555556,0.6666666666666667,0.33333333333333337,0.5,0.4444444444444444,0.75,1.0,0.3157953848072128,0.267462428528485,0.10447423766417815,0.05622756769043295,0.7439596186903089,High Risk
Nữ,2006 - 2008,Sinh viên đại học / cao đẳng (năm 1-2),Hoàn toàn trực tiếp (đến trường / văn phòng ≥ 4 ngày/tuần),Cân bằng cả học lẫn giải trí,4,2,3,3,1,2,1,7,2,2,1,1,1,6,4,3,4,5,1.0,0.5,0.5,1.0,0.75,0.4444444444444445,0.6666666666666667,0.6666666666666667,0.75,0.4444444444444444,0.625,1.0,0.2577231868794898,0.27857698620830074,0.10539716468664971,0.07747736835456802,0.7191747061290082,High Risk
Nữ,2006 - 2008,Sinh viên đại học / cao đẳng (năm 3-4+),Hoàn toàn trực tiếp (đến trường / văn phòng ≥ 4 ngày/tuần),Cân bằng cả học lẫn giải trí,3,3,3,3,0,2,1,5,2,2,1,2,1,4,7,4,4,5,0.75,0.6666666666666666,0.3333333333333333,1.0,0.75,0.5185185185185186,0.6666666666666667,0.33333333333333337,0.75,0.6666666666666667,0.75,1.0,0.28410866078937935,0.23981553244511275,0.1012106590872219,0.08434135153564942,0.7094762038573634,High Risk
Nữ,2003 - 2005,Sinh viên đại học / cao đẳng (năm 3-4+),Hoàn toàn trực tiếp (đến trường / văn phòng ≥ 4 ngày/tuần),Cân bằng cả học lẫn giải trí,4,2,3,3,1,1,1,7,1,1,1,0,1,5,7,3,5,3,1.0,0.5,0.3333333333333333,1.0,0.75,0.4444444444444445,0.6666666666666667,1.0,0.75,0.5555555555555556,0.75,0.5,0.26874083815110844,0.267462428528485,0.11611082743999004,0.08090935994510873,0.7332234540646922,High Risk
Nữ,2003 - 2005,Sinh viên đại học / cao đẳng (năm 3-4+),Hoàn toàn trực tiếp (đến trường / văn phòng ≥ 4 ngày/tuần),Cân bằng cả học lẫn giải trí,4,2,4,3,0,1,1,5,1,1,1,2,1,4,6,3,4,3,1.0,0.5,0.16666666666666666,1.0,1.0,0.5185185185185185,0.6666666666666667,0.33333333333333337,0.75,0.6666666666666667,0.625,0.5,0.27404208825905235,0.2563478708486692,0.10121065908722189,0.08434135153564942,0.7159419697305929,High Risk
Nữ,2006 - 2008,Sinh viên đại học / cao đẳng (năm 1-2),Hoàn toàn trực tiếp (đến trường / văn phòng ≥ 4 ngày/tuần),Cân bằng cả học lẫn giải trí,3,3,4,3,1,1,1,7,1,2,2,0,2,4,7,3,5,4,0.75,0.6666666666666666,0.3333333333333333,1.0,1.0,0.3333333333333333,0.33333333333333337,1.0,0.5,0.6666666666666667,0.75,0.75,0.3081114734880773,0.23981553244511275,0.0839166435808743,0.06309155087151436,0.6949352003855789,Medium Risk
Nữ,2006 - 2008,Sinh viên đại học / cao đẳng (năm 3-4+),Hoàn toàn trực tiếp (đến trường / văn phòng ≥ 4 ngày/tuần),Cân bằng cả học lẫn giải trí,3,3,3,3,0,2,1,7,1,2,1,2,3,6,3,3,4,5,0.75,0.6666666666666666,0.3333333333333333,1.0,0.75,0.3333333333333333,0.6666666666666667,0.33333333333333337,0.25,0.4444444444444444,0.625,1.0,0.2577231868794898,0.23981553244511275,0.0848927662024406,0.034977767026297873,0.617409252553341,Medium Risk
Nữ,2006 - 2008,Sinh viên đại học / cao đẳng (năm 3-4+),Hoàn toàn trực tiếp (đến trường / văn phòng ≥ 4 ngày/tuần),Cân bằng cả học lẫn giải trí,3,3,4,3,0,1,1,7,1,2,2,2,1,6,7,4,5,5,0.75,0.6666666666666666,0.16666666666666666,1.0,1.0,0.3333333333333333,0.33333333333333337,0.33333333333333337,0.75,0.4444444444444444,0.875,1.0,0.34218085871710235,0.228700974765297,0.06248931807419363,0.07747736835456802,0.7108485199111609,High Risk
Nữ,2003 - 2005,Sinh viên đại học / cao đẳng (năm 3-4+),Hoàn toàn trực tiếp (đến trường / văn phòng ≥ 4 ngày/tuần),Cân bằng cả học lẫn giải trí,4,3,3,3,1,1,1,5,2,2,2,0,3,4,7,3,4,5,1.0,0.6666666666666666,0.3333333333333333,1.0,0.75,0.5185185185185186,0.33333333333333337,1.0,0.25,0.6666666666666667,0.625,1.0,0.2577231868794898,0.2728484041722424,0.1002345364656556,0.04184175020737928,0.672647877724767,Medium Risk
Nữ,2006 - 2008,Sinh viên đại học / cao đẳng (năm 3-4+),Hoàn toàn trực tiếp (đến trường / văn phòng ≥ 4 ngày/tuần),Cân bằng cả học lẫn giải trí,4,2,4,3,1,2,1,5,1,2,2,0,2,5,4,4,5,4,1.0,0.5,0.5,1.0,1.0,0.40740740740740744,0.33333333333333337,1.0,0.5,0.5555555555555556,0.875,0.75,0.33449694739796687,0.27857698620830074,0.09044380073478682,0.05965955928097365,0.7631772936220281,High Risk
Nữ,2006 - 2008,Sinh viên đại học / cao đẳng (năm 1-2),Hoàn toàn trực tiếp (đến trường / văn phòng ≥ 4 ngày/tuần),Cân bằng cả học lẫn giải trí,4,2,4,3,1,1,1,7,2,2,2,2,2,6,4,3,4,5,1.0,0.5,0.3333333333333333,1.0,1.0,0.4444444444444445,0.33333333333333337,0.33333333333333337,0.5,0.4444444444444444,0.625,1.0,0.28940991089732326,0.267462428528485,0.07228005380506242,0.05622756769043295,0.6853799609213036,Medium Risk
Nữ,2006 - 2008,Sinh viên đại học / cao đẳng (năm 3-4+),Hoàn toàn trực tiếp (đến trường / văn phòng ≥ 4 ngày/tuần),Cân bằng cả học lẫn giải trí,4,3,4,3,0,2,1,7,2,2,2,2,1,5,4,4,4,4,1.0,0.6666666666666666,0.3333333333333333,1.0,1.0,0.4444444444444445,0.33333333333333337,0.33333333333333337,0.75,0.5555555555555556,0.75,0.75,0.3081114734880773,0.2728484041722424,0.07228005380506242,0.08090935994510873,0.7341492914104909,High Risk
Nữ,2006 - 2008,Sinh viên đại học / cao đẳng (năm 3-4+),Hoàn toàn trực tiếp (đến trường / văn phòng ≥ 4 ngày/tuần),Cân bằng cả học lẫn giải trí,3,2,3,3,0,1,1,5,2,2,1,1,2,6,6,4,5,4,0.75,0.5,0.16666666666666666,1.0,0.75,0.5185185185185186,0.6666666666666667,0.6666666666666667,0.5,0.4444444444444444,0.875,0.75,0.3028102233801334,0.22331499912153957,0.11192432184056224,0.05622756769043295,0.6942771120326682,Medium Risk
Nữ,2003 - 2005,Sinh viên đại học / cao đẳng (năm 1-2),Hoàn toàn trực tiếp (đến trường / văn phòng ≥ 4 ngày/tuần),Cân bằng cả học lẫn giải trí,4,2,3,3,0,2,1,7,1,2,2,2,1,5,3,3,5,4,1.0,0.5,0.3333333333333333,1.0,0.75,0.3333333333333333,0.33333333333333337,0.33333333333333337,0.75,0.5555555555555556,0.75,0.75,0.27642474947024387,0.267462428528485,0.06248931807419363,0.08090935994510873,0.6872858560180313,Medium Risk
Nữ,2003 - 2005,Sinh viên đại học / cao đẳng (năm 3-4+),Hoàn toàn trực tiếp (đến trường / văn phòng ≥ 4 ngày/tuần),Cân bằng cả học lẫn giải trí,4,2,4,3,0,1,1,5,2,2,2,2,2,5,4,4,4,5,1.0,0.5,0.16666666666666666,1.0,1.0,0.5185185185185186,0.33333333333333337,0.33333333333333337,0.5,0.5555555555555556,0.75,1.0,0.3157953848072128,0.2563478708486692,0.07880721095897493,0.05965955928097365,0.7106100258958307,High Risk
Nữ,2003 - 2005,Sinh viên đại học / cao đẳng (năm 3-4+),Hoàn toàn trực tiếp (đến trường / văn phòng ≥ 4 ngày/tuần),Cân bằng cả học lẫn giải trí,3,2,3,3,0,2,1,5,1,2,2,1,1,4,7,4,5,4,0.75,0.5,0.3333333333333333,1.0,0.75,0.40740740740740744,0.33333333333333337,0.6666666666666667,0.75,0.6666666666666667,0.875,0.75,0.3028102233801334,0.23442955680135535,0.07973013798144649,0.08434135153564942,0.7013112696985846,High Risk
Nữ,2003 - 2005,Sinh viên đại học / cao đẳng (năm 1-2),Hoàn toàn trực tiếp (đến trường / văn phòng ≥ 4 ngày/tuần),Cân bằng cả học lẫn giải trí,4,3,3,3,1,2,1,6,2,2,1,0,2,6,7,3,5,5,1.0,0.6666666666666666,0.5,1.0,0.75,0.48148148148148157,0.6666666666666667,1.0,0.5,0.4444444444444444,0.75,1.0,0.28410866078937935,0.2839629618520581,0.11937440601694631,0.05622756769043295,0.7436735963488167,High Risk
Nữ,2003 - 2005,Sinh viên đại học / cao đẳng (năm 3-4+),Hoàn toàn trực tiếp (đến trường / văn phòng ≥ 4 ngày/tuần),Cân bằng cả học lẫn giải trí,4,3,4,3,1,2,1,7,2,2,2,0,2,5,7,3,4,5,1.0,0.6666666666666666,0.5,1.0,1.0,0.4444444444444445,0.33333333333333337,1.0,0.5,0.5555555555555556,0.625,1.0,0.28940991089732326,0.2839629618520581,0.09370737931174308,0.05965955928097365,0.7267398113420982,High Risk
Nữ,2006 - 2008,Sinh viên đại học / cao đẳng (năm 1-2),Hoàn toàn trực tiếp (đến trường / văn phòng ≥ 4 ngày/tuần),Cân bằng cả học lẫn giải trí,3,2,3,3,0,1,1,6,2,2,1,1,1,4,6,3,4,4,0.75,0.5,0.16666666666666666,1.0,0.75,0.48148148148148157,0.6666666666666667,0.6666666666666667,0.75,0.6666666666666667,0.625,0.75,0.2500392755603544,0.22331499912153957,0.10866074326360597,0.08434135153564942,0.6663563694811494,Medium Risk
Nữ,2003 - 2005,Sinh viên đại học / cao đẳng (năm 1-2),Hoàn toàn trực tiếp (đến trường / văn phòng ≥ 4 ngày/tuần),Cân bằng cả học lẫn giải trí,3,2,4,3,0,2,1,6,1,2,1,2,1,4,6,4,5,4,0.75,0.5,0.3333333333333333,1.0,1.0,0.3703703703703704,0.6666666666666667,0.33333333333333337,0.75,0.6666666666666667,0.875,0.75,0.33449694739796687,0.23442955680135535,0.08815634477939686,0.08434135153564942,0.7414242005143685,High Risk
Nữ,2006 - 2008,Sinh viên đại học / cao đẳng (năm 1-2),Hoàn toàn trực tiếp (đến trường / văn phòng ≥ 4 ngày/tuần),Cân bằng cả học lẫn giải trí,4,3,4,3,0,1,1,5,2,2,1,2,2,5,6,3,5,5,1.0,0.6666666666666666,0.16666666666666666,1.0,1.0,0.5185185185185186,0.6666666666666667,0.33333333333333337,0.5,0.5555555555555556,0.75,1.0,0.3157953848072128,0.26173384649242665,0.1012106590872219,0.05965955928097365,0.738399449667835,High Risk
Nữ,2003 - 2005,Sinh viên đại học / cao đẳng (năm 3-4+),Hoàn toàn trực tiếp (đến trường / văn phòng ≥ 4 ngày/tuần),Cân bằng cả học lẫn giải trí,4,2,4,3,1,1,1,7,1,2,2,2,1,5,6,4,4,5,1.0,0.5,0.3333333333333333,1.0,1.0,0.3333333333333333,0.33333333333333337,0.33333333333333337,0.75,0.5555555555555556,0.75,1.0,0.3157953848072128,0.267462428528485,0.06248931807419363,0.08090935994510873,0.7266564913550002,High Risk
Nữ,2003 - 2005,Sinh viên đại học / cao đẳng (năm 1-2),Hoàn toàn trực tiếp (đến trường / văn phòng ≥ 4 ngày/tuần),Cân bằng cả học lẫn giải trí,4,3,4,3,0,1,1,5,1,2,2,1,2,4,6,4,4,4,1.0,0.6666666666666666,0.16666666666666666,1.0,1.0,0.40740740740740744,0.33333333333333337,0.6666666666666667,0.5,0.6666666666666667,0.75,0.75,0.3081114734880773,0.26173384649242665,0.07973013798144649,0.06309155087151436,0.7126670088334648,High Risk
Nữ,2003 - 2005,Sinh viên đại học / cao đẳng (năm 1-2),Hoàn toàn trực tiếp (đến trường / văn phòng ≥ 4 ngày/tuần),Cân bằng cả học lẫn giải trí,3,2,4,3,1,1,1,6,2,2,1,2,2,5,7,4,4,4,0.75,0.5,0.3333333333333333,1.0,1.0,0.48148148148148157,0.6666666666666667,0.33333333333333337,0.5,0.5555555555555556,0.75,0.75,0.3081114734880773,0.23442955680135535,0.09794708051026564,0.05965955928097365,0.700147670080672,Medium Risk
Nữ,2006 - 2008,Sinh viên đại học / cao đẳng (năm 3-4+),Hoàn toàn trực tiếp (đến trường / văn phòng ≥ 4 ngày/tuần),Cân bằng cả học lẫn giải trí,3,2,4,3,1,1,1,6,2,2,1,2,1,4,7,3,4,4,0.75,0.5,0.3333333333333333,1.0,1.0,0.48148148148148157,0.6666666666666667,0.33333333333333337,0.75,0.6666666666666667,0.625,0.75,0.2817259995781878,0.23442955680135535,0.09794708051026564,0.08434135153564942,0.6984439884254583,Medium Risk
Nữ,2006 - 2008,Sinh viên đại học / cao đẳng (năm 1-2),Hoàn toàn trực tiếp (đến trường / văn phòng ≥ 4 ngày/tuần),Cân bằng cả học lẫn giải trí,4,2,3,3,1,1,1,6,2,2,1,1,1,5,7,4,5,3,1.0,0.5,0.3333333333333333,1.0,0.75,0.48148148148148157,0.6666666666666667,0.6666666666666667,0.75,0.5555555555555556,0.875,0.5,0.295126312060998,0.267462428528485,0.10866074326360597,0.08090935994510873,0.7521588437981976,High Risk
Nữ,2003 - 2005,Sinh viên đại học / cao đẳng (năm 3-4+),Hoàn toàn trực tiếp (đến trường / văn phòng ≥ 4 ngày/tuần),Cân bằng cả học lẫn giải trí,3,2,3,3,0,1,1,5,2,2,2,2,2,4,7,3,4,4,0.75,0.5,0.16666666666666666,1.0,0.75,0.5185185185185186,0.33333333333333337,0.33333333333333337,0.5,0.6666666666666667,0.625,0.75,0.2500392755603544,0.22331499912153957,0.07880721095897493,0.06309155087151436,0.6152530365123832,Medium Risk
Nữ,2006 - 2008,Sinh viên đại học / cao đẳng (năm 1-2),Hoàn toàn trực tiếp (đến trường / văn phòng ≥ 4 ngày/tuần),Cân bằng cả học lẫn giải trí,4,2,3,3,0,2,1,5,1,2,2,2,1,4,6,3,4,3,1.0,0.5,0.3333333333333333,1.0,0.75,0.40740740740740744,0.33333333333333337,0.33333333333333337,0.75,0.6666666666666667,0.625,0.5,0.24235536424121892,0.267462428528485,0.06901647522810615,0.08434135153564942,0.6631756195334595,Medium Risk
Nữ,2006 - 2008,Sinh viên đại học / cao đẳng (năm 1-2),Hoàn toàn trực tiếp (đến trường / văn phòng ≥ 4 ngày/tuần),Cân bằng cả học lẫn giải trí,3,2,4,3,0,1,1,5,1,2,1,2,2,5,7,3,5,5,0.75,0.5,0.16666666666666666,1.0,1.0,0.40740740740740744,0.6666666666666667,0.33333333333333337,0.5,0.5555555555555556,0.75,1.0,0.3157953848072128,0.22331499912153957,0.09141992335635311,0.05965955928097365,0.6901898665660791,Medium Risk
Nữ,2006 - 2008,Sinh viên đại học / cao đẳng (năm 3-4+),Hoàn toàn trực tiếp (đến trường / văn phòng ≥ 4 ngày/tuần),Cân bằng cả học lẫn giải trí,3,3,4,3,0,2,1,7,1,2,2,2,1,4,6,4,4,3,0.75,0.6666666666666666,0.3333333333333333,1.0,1.0,0.3333333333333333,0.33333333333333337,0.33333333333333337,0.75,0.6666666666666667,0.75,0.5,0.3004275621689419,0.23981553244511275,0.06248931807419363,0.08434135153564942,0.6870737642238978,Medium Risk
Nữ,2006 - 2008,Sinh viên đại học / cao đẳng (năm 1-2),Hoàn toàn trực tiếp (đến trường / văn phòng ≥ 4 ngày/tuần),Cân bằng cả học lẫn giải trí,3,3,4,3,1,1,1,5,2,2,2,2,2,4,4,4,4,5,0.75,0.6666666666666666,0.3333333333333333,1.0,1.0,0.5185185185185186,0.33333333333333337,0.33333333333333337,0.5,0.6666666666666667,0.75,1.0,0.3157953848072128,0.23981553244511275,0.07880721095897493,0.06309155087151436,0.6975096790828148,Medium Risk
Nữ,2003 - 2005,Sinh viên đại học / cao đẳng (năm 3-4+),Hoàn toàn trực tiếp (đến trường / văn phòng ≥ 4 ngày/tuần),Cân bằng cả học lẫn giải trí,4,3,4,3,1,1,1,5,1,2,2,2,1,4,7,4,5,3,1.0,0.6666666666666666,0.3333333333333333,1.0,1.0,0.40740740740740744,0.33333333333333337,0.33333333333333337,0.75,0.6666666666666667,0.875,0.5,0.32681303607883144,0.2728484041722424,0.06901647522810615,0.08434135153564942,0.7530192670148295,High Risk
Nữ,2003 - 2005,Sinh viên đại học / cao đẳng (năm 1-2),Hoàn toàn trực tiếp (đến trường / văn phòng ≥ 4 ngày/tuần),Cân bằng cả học lẫn giải trí,4,2,3,3,1,1,1,6,2,2,2,1,1,4,6,4,5,4,1.0,0.5,0.3333333333333333,1.0,0.75,0.48148148148148157,0.33333333333333337,0.6666666666666667,0.75,0.6666666666666667,0.875,0.75,0.3028102233801334,0.267462428528485,0.08625729513535901,0.08434135153564942,0.7408712985796269,High Risk
Nữ,2003 - 2005,Sinh viên đại học / cao đẳng (năm 1-2),Hoàn toàn trực tiếp (đến trường / văn phòng ≥ 4 ngày/tuần),Cân bằng cả học lẫn giải trí,3,3,4,3,0,1,1,6,2,2,1,1,1,5,6,4,5,3,0.75,0.6666666666666666,0.16666666666666666,1.0,1.0,0.48148148148148157,0.6666666666666667,0.6666666666666667,0.75,0.5555555555555556,0.875,0.5,0.32681303607883144,0.228700974765297,0.10866074326360597,0.08090935994510873,0.7450841140528431,High Risk
Nữ,2003 - 2005,Sinh viên đại học / cao đẳng (năm 1-2),Hoàn toàn trực tiếp (đến trường / văn phòng ≥ 4 ngày/tuần),Cân bằng cả học lẫn giải trí,3,3,4,3,0,1,1,5,2,2,1,2,2,4,3,4,4,4,0.75,0.6666666666666666,0.16666666666666666,1.0,1.0,0.5185185185185186,0.6666666666666667,0.33333333333333337,0.5,0.6666666666666667,0.75,0.75,0.3081114734880773,0.228700974765297,0.1012106590872219,0.06309155087151436,0.7011146582121106,High Risk
Nữ,2006 - 2008,Sinh viên đại học / cao đẳng (năm 1-2),Hoàn toàn trực tiếp (đến trường / văn phòng ≥ 4 ngày/tuần),Cân bằng cả học lẫn giải trí,4,3,3,3,1,1,1,6,1,2,2,2,2,5,4,4,5,3,1.0,0.6666666666666666,0.3333333333333333,1.0,0.75,0.3703703703703704,0.33333333333333337,0.33333333333333337,0.5,0.5555555555555556,0.875,0.5,0.295126312060998,0.2728484041722424,0.0657528966511499,0.05965955928097365,0.6933871721653639,Medium Risk
Nữ,2006 - 2008,Sinh viên đại học / cao đẳng (năm 1-2),Hoàn toàn trực tiếp (đến trường / văn phòng ≥ 4 ngày/tuần),Cân bằng cả học lẫn giải trí,3,3,3,3,1,1,1,6,2,2,1,1,1,4,3,4,5,3,0.75,0.6666666666666666,0.3333333333333333,1.0,0.75,0.48148148148148157,0.6666666666666667,0.6666666666666667,0.75,0.6666666666666667,0.875,0.5,0.295126312060998,0.23981553244511275,0.10866074326360597,0.08434135153564942,0.7279439393053662,High Risk
Nữ,2003 - 2005,Sinh viên đại học / cao đẳng (năm 3-4+),Hoàn toàn trực tiếp (đến trường / văn phòng ≥ 4 ngày/tuần),Cân bằng cả học lẫn giải trí,3,2,4,3,1,1,1,6,2,2,2,2,2,4,7,4,5,5,0.75,0.5,0.3333333333333333,1.0,1.0,0.48148148148148157,0.33333333333333337,0.33333333333333337,0.5,0.6666666666666667,0.875,1.0,0.34218085871710235,0.23442955680135535,0.07554363238201868,0.06309155087151436,0.7152455987719908,High Risk
Nữ,2006 - 2008,Sinh viên đại học / cao đẳng (năm 1-2),Hoàn toàn trực tiếp (đến trường / văn phòng ≥ 4 ngày/tuần),Cân bằng cả học lẫn giải trí,3,3,4,3,1,1,1,6,1,2,2,1,2,5,7,4,5,5,0.75,0.6666666666666666,0.3333333333333333,1.0,1.0,0.3703703703703704,0.33333333333333337,0.6666666666666667,0.5,0.5555555555555556,0.875,1.0,0.34218085871710235,0.23981553244511275,0.07646655940449024,0.05965955928097365,0.718122509847679,High Risk
Nữ,2006 - 2008,Sinh viên đại học / cao đẳng (năm 3-4+),Hoàn toàn trực tiếp (đến trường / văn phòng ≥ 4 ngày/tuần),Cân bằng cả học lẫn giải trí,4,3,3,3,0,1,1,5,2,2,2,2,1,4,7,4,5,3,1.0,0.6666666666666666,0.16666666666666666,1.0,0.75,0.5185185185185186,0.33333333333333337,0.33333333333333337,0.75,0.6666666666666667,0.875,0.5,0.295126312060998,0.26173384649242665,0.07880721095897493,0.08434135153564942,0.720008721048049,High Risk
Nữ,2003 - 2005,Sinh viên đại học / cao đẳng (năm 1-2),Hoàn toàn trực tiếp (đến trường / văn phòng ≥ 4 ngày/tuần),Cân bằng cả học lẫn giải trí,3,3,3,3,1,1,1,6,2,2,1,2,1,5,4,4,5,4,0.75,0.6666666666666666,0.3333333333333333,1.0,0.75,0.48148148148148157,0.6666666666666667,0.33333333333333337,0.75,0.5555555555555556,0.875,0.75,0.3028102233801334,0.23981553244511275,0.09794708051026564,0.08090935994510873,0.7214821962806206,High Risk
Nữ,2003 - 2005,Sinh viên đại học / cao đẳng (năm 3-4+),Hoàn toàn trực tiếp (đến trường / văn phòng ≥ 4 ngày/tuần),Cân bằng cả học lẫn giải trí,3,2,4,3,1,1,1,6,2,2,1,2,1,4,3,4,4,3,0.75,0.5,0.3333333333333333,1.0,1.0,0.48148148148148157,0.6666666666666667,0.33333333333333337,0.75,0.6666666666666667,0.75,0.5,0.3004275621689419,0.23442955680135535,0.09794708051026564,0.08434135153564942,0.7171455510162124,High Risk
Nữ,2003 - 2005,Sinh viên đại học / cao đẳng (năm 3-4+),Hoàn toàn trực tiếp (đến trường / văn phòng ≥ 4 ngày/tuần),Cân bằng cả học lẫn giải trí,3,3,4,3,1,1,1,5,2,2,2,1,2,5,7,4,4,5,0.75,0.6666666666666666,0.3333333333333333,1.0,1.0,0.5185185185185186,0.33333333333333337,0.6666666666666667,0.5,0.5555555555555556,0.75,1.0,0.3157953848072128,0.23981553244511275,0.08952087371231526,0.05965955928097365,0.7047913502456145,High Risk
Nữ,2006 - 2008,Sinh viên đại học / cao đẳng (năm 3-4+),Hoàn toàn trực tiếp (đến trường / văn phòng ≥ 4 ngày/tuần),Cân bằng cả học lẫn giải trí,4,2,4,3,1,1,1,5,1,2,1,2,1,4,4,4,4,4,1.0,0.5,0.3333333333333333,1.0,1.0,0.40740740740740744,0.6666666666666667,0.33333333333333337,0.75,0.6666666666666667,0.75,0.75,0.3081114734880773,0.267462428528485,0.09141992335635311,0.08434135153564942,0.7513351769085648,High Risk
Nữ,2006 - 2008,Sinh viên đại học / cao đẳng (năm 3-4+),Hoàn toàn trực tiếp (đến trường / văn phòng ≥ 4 ngày/tuần),Cân bằng cả học lẫn giải trí,3,2,4,3,1,1,1,6,1,2,1,1,2,4,6,4,4,3,0.75,0.5,0.3333333333333333,1.0,1.0,0.3703703703703704,0.6666666666666667,0.6666666666666667,0.5,0.6666666666666667,0.75,0.5,0.3004275621689419,0.23442955680135535,0.0988700075327372,0.06309155087151436,0.6968186773745488,Medium Risk
Nữ,2003 - 2005,Sinh viên đại học / cao đẳng (năm 1-2),Hoàn toàn trực tiếp (đến trường / văn phòng ≥ 4 ngày/tuần),Cân bằng cả học lẫn giải trí,4,2,4,3,1,1,1,6,2,2,2,2,1,5,7,4,4,4,1.0,0.5,0.3333333333333333,1.0,1.0,0.48148148148148157,0.33333333333333337,0.33333333333333337,0.75,0.5555555555555556,0.75,0.75,0.3081114734880773,0.267462428528485,0.07554363238201868,0.08090935994510873,0.7320268943436897,High Risk
Nữ,2003 - 2005,Sinh viên đại học / cao đẳng (năm 3-4+),Hoàn toàn trực tiếp (đến trường / văn phòng ≥ 4 ngày/tuần),Cân bằng cả học lẫn giải trí,4,2,4,3,1,1,1,6,1,2,1,2,2,4,3,4,4,3,1.0,0.5,0.3333333333333333,1.0,1.0,0.3703703703703704,0.6666666666666667,0.33333333333333337,0.5,0.6666666666666667,0.75,0.5,0.3004275621689419,0.267462428528485,0.08815634477939686,0.06309155087151436,0.719137886348338,High Risk
Nữ,2006 - 2008,Sinh viên đại học / cao đẳng (năm 3-4+),Hoàn toàn trực tiếp (đến trường / văn phòng ≥ 4 ngày/tuần),Cân bằng cả học lẫn giải trí,4,3,4,3,1,1,1,5,2,2,1,2,1,5,6,4,4,5,1.0,0.6666666666666666,0.3333333333333333,1.0,1.0,0.5185185185185186,0.6666666666666667,0.33333333333333337,0.75,0.5555555555555556,0.75,1.0,0.3157953848072128,0.2728484041722424,0.1012106590872219,0.08090935994510873,0.7707638080117858,High Risk
Nữ,2006 - 2008,Sinh viên đại học / cao đẳng (năm 3-4+),Hoàn toàn trực tiếp (đến trường / văn phòng ≥ 4 ngày/tuần),Cân bằng cả học lẫn giải trí,3,3,4,3,1,1,1,6,2,2,2,2,2,4,3,4,4,4,0.75,0.6666666666666666,0.3333333333333333,1.0,1.0,0.48148148148148157,0.33333333333333337,0.33333333333333337,0.5,0.6666666666666667,0.75,0.75,0.3081114734880773,0.23981553244511275,0.07554363238201868,0.06309155087151436,0.6865621891867231,Medium Risk
Nữ,2003 - 2005,Sinh viên đại học / cao đẳng (năm 3-4+),Hoàn toàn trực tiếp (đến trường / văn phòng ≥ 4 ngày/tuần),Cân bằng cả học lẫn giải trí,4,2,4,3,1,1,1,6,2,2,2,1,1,4,4,4,4,5,1.0,0.5,0.3333333333333333,1.0,1.0,0.48148148148148157,0.33333333333333337,0.6666666666666667,0.75,0.6666666666666667,0.75,1.0,0.3157953848072128,0.267462428528485,0.08625729513535901,0.08434135153564942,0.7538564600067064,High Risk
Nữ,2003 - 2005,Sinh viên đại học / cao đẳng (năm 3-4+),Hoàn toàn trực tiếp (đến trường / văn phòng ≥ 4 ngày/tuần),Cân bằng cả học lẫn giải trí,4,2,3,3,1,1,1,6,2,2,1,1,1,4,3,4,5,4,1.0,0.5,0.3333333333333333,1.0,0.75,0.48148148148148157,0.6666666666666667,0.6666666666666667,0.75,0.6666666666666667,0.875,0.75,0.3028102233801334,0.267462428528485,0.10866074326360597,0.08434135153564942,0.7632747467078738,High Risk
Nữ,2003 - 2005,Sinh viên đại học / cao đẳng (năm 1-2),Hoàn toàn trực tiếp (đến trường / văn phòng ≥ 4 ngày/tuần),Cân bằng cả học lẫn giải trí,4,3,3,3,1,1,1,6,2,2,2,1,1,5,4,4,4,5,1.0,0.6666666666666666,0.3333333333333333,1.0,0.75,0.48148148148148157,0.33333333333333337,0.6666666666666667,0.75,0.5555555555555556,0.75,1.0,0.28410866078937935,0.2728484041722424,0.08625729513535901,0.08090935994510873,0.7241237200420896,High Risk
Nữ,2003 - 2005,Sinh viên đại học / cao đẳng (năm 3-4+),Hoàn toàn trực tiếp (đến trường / văn phòng ≥ 4 ngày/tuần),Cân bằng cả học lẫn giải trí,4,2,4,3,1,1,1,6,2,2,2,1,1,4,7,4,5,4,1.0,0.5,0.3333333333333333,1.0,1.0,0.48148148148148157,0.33333333333333337,0.6666666666666667,0.75,0.6666666666666667,0.875,0.75,0.33449694739796687,0.267462428528485,0.08625729513535901,0.08434135153564942,0.7725580225974604,High Risk
Nữ,2003 - 2005,Sinh viên đại học / cao đẳng (năm 1-2),Hoàn toàn trực tiếp (đến trường / văn phòng ≥ 4 ngày/tuần),Cân bằng cả học lẫn giải trí,3,2,3,3,1,1,1,6,2,2,1,1,1,4,6,4,5,4,0.75,0.5,0.3333333333333333,1.0,0.75,0.48148148148148157,0.6666666666666667,0.6666666666666667,0.75,0.6666666666666667,0.875,0.75,0.3028102233801334,0.23442955680135535,0.10866074326360597,0.08434135153564942,0.7302418749807442,High Risk
Nữ,2003 - 2005,Sinh viên đại học / cao đẳng (năm 1-2),Hoàn toàn trực tiếp (đến trường / văn phòng ≥ 4 ngày/tuần),Cân bằng cả học lẫn giải trí,3,2,4,3,1,1,1,6,2,2,1,1,1,4,4,4,5,4,0.75,0.5,0.3333333333333333,1.0,1.0,0.48148148148148157,0.6666666666666667,0.6666666666666667,0.75,0.6666666666666667,0.875,0.75,0.33449694739796687,0.23442955680135535,0.10866074326360597,0.08434135153564942,0.7619285989985776,High Risk
Nữ,2003 - 2005,Sinh viên đại học / cao đẳng (năm 1-2),Hoàn toàn trực tiếp (đến trường / văn phòng ≥ 4 ngày/tuần),Cân bằng cả học lẫn giải trí,4,3,3,3,1,1,1,6,2,2,1,1,1,4,6,4,4,4,1.0,0.6666666666666666,0.3333333333333333,1.0,0.75,0.48148148148148157,0.6666666666666667,0.6666666666666667,0.75,0.6666666666666667,0.75,0.75,0.27642474947024387,0.2728484041722424,0.10866074326360597,0.08434135153564942,0.7422752484417416,High Risk
Nữ,2003 - 2005,Sinh viên đại học / cao đẳng (năm 3-4+),Hoàn toàn trực tiếp (đến trường / văn phòng ≥ 4 ngày/tuần),Cân bằng cả học lẫn giải trí,3,2,3,3,1,1,1,6,2,2,1,1,1,4,7,4,4,5,0.75,0.5,0.3333333333333333,1.0,0.75,0.48148148148148157,0.6666666666666667,0.6666666666666667,0.75,0.6666666666666667,0.75,1.0,0.28410866078937935,0.23442955680135535,0.10866074326360597,0.08434135153564942,0.7115403123899902,High Risk
Nữ,2003 - 2005,Sinh viên đại học / cao đẳng (năm 3-4+),Hoàn toàn trực tiếp (đến trường / văn phòng ≥ 4 ngày/tuần),Cân bằng cả học lẫn giải trí,4,2,3,3,1,1,1,6,2,2,1,1,1,5,7,4,5,5,1.0,0.5,0.3333333333333333,1.0,0.75,0.48148148148148157,0.6666666666666667,0.6666666666666667,0.75,0.5555555555555556,0.875,1.0,0.3104941346992689,0.267462428528485,0.10866074326360597,0.08090935994510873,0.7675266664364686,High Risk
Nữ,2003 - 2005,Sinh viên đại học / cao đẳng (năm 1-2),Hoàn toàn trực tiếp (đến trường / văn phòng ≥ 4 ngày/tuần),Cân bằng cả học lẫn giải trí,3,3,4,3,1,1,1,6,2,2,2,2,1,4,4,4,5,4,0.75,0.6666666666666666,0.3333333333333333,1.0,1.0,0.48148148148148157,0.33333333333333337,0.33333333333333337,0.75,0.6666666666666667,0.875,0.75,0.33449694739796687,0.23981553244511275,0.07554363238201868,0.08434135153564942,0.7341974637607478,High Risk
Nữ,2003 - 2005,Sinh viên đại học / cao đẳng (năm 1-2),Hoàn toàn trực tiếp (đến trường / văn phòng ≥ 4 ngày/tuần),Cân bằng cả học lẫn giải trí,3,2,3,3,1,1,1,6,2,2,1,1,1,4,3,4,5,4,0.75,0.5,0.3333333333333333,1.0,0.75,0.48148148148148157,0.6666666666666667,0.6666666666666667,0.75,0.6666666666666667,0.875,0.75,0.3028102233801334,0.23442955680135535,0.10866074326360597,0.08434135153564942,0.7302418749807442,High Risk
Nữ,2003 - 2005,Sinh viên đại học / cao đẳng (năm 3-4+),Hoàn toàn trực tiếp (đến trường / văn phòng ≥ 4 ngày/tuần),Cân bằng cả học lẫn giải trí,3,2,4,3,1,1,1,6,2,2,2,1,1,5,3,4,5,4,0.75,0.5,0.3333333333333333,1.0,1.0,0.48148148148148157,0.33333333333333337,0.6666666666666667,0.75,0.5555555555555556,0.875,0.75,0.33449694739796687,0.23442955680135535,0.08625729513535901,0.08090935994510873,0.7360931592797899,High Risk
Nữ,2003 - 2005,Sinh viên đại học / cao đẳng (năm 3-4+),Hoàn toàn trực tiếp (đến trường / văn phòng ≥ 4 ngày/tuần),Cân bằng cả học lẫn giải trí,3,3,4,3,1,1,1,6,2,2,2,1,1,5,6,4,5,4,0.75,0.6666666666666666,0.3333333333333333,1.0,1.0,0.48148148148148157,0.33333333333333337,0.6666666666666667,0.75,0.5555555555555556,0.875,0.75,0.33449694739796687,0.23981553244511275,0.08625729513535901,0.08090935994510873,0.7414791349235474,High Risk
Nữ,2003 - 2005,Sinh viên đại học / cao đẳng (năm 3-4+),Hoàn toàn trực tiếp (đến trường / văn phòng ≥ 4 ngày/tuần),Cân bằng cả học lẫn giải trí,4,3,4,3,1,1,1,6,2,2,2,1,1,4,3,4,5,4,1.0,0.6666666666666666,0.3333333333333333,1.0,1.0,0.48148148148148157,0.33333333333333337,0.6666666666666667,0.75,0.6666666666666667,0.875,0.75,0.33449694739796687,0.2728484041722424,0.08625729513535901,0.08434135153564942,0.7779439982412177,High Risk
Nữ,2003 - 2005,Sinh viên đại học / cao đẳng (năm 3-4+),Hoàn toàn trực tiếp (đến trường / văn phòng ≥ 4 ngày/tuần),Cân bằng cả học lẫn giải trí,3,2,3,3,1,1,1,6,2,2,2,1,1,5,6,4,5,4,0.75,0.5,0.3333333333333333,1.0,0.75,0.48148148148148157,0.33333333333333337,0.6666666666666667,0.75,0.5555555555555556,0.875,0.75,0.3028102233801334,0.23442955680135535,0.08625729513535901,0.08090935994510873,0.7044064352619566,High Risk
Nữ,2003 - 2005,Sinh viên đại học / cao đẳng (năm 3-4+),Hoàn toàn trực tiếp (đến trường / văn phòng ≥ 4 ngày/tuần),Cân bằng cả học lẫn giải trí,3,2,3,3,1,1,1,6,2,2,2,1,1,5,3,4,5,4,0.75,0.5,0.3333333333333333,1.0,0.75,0.48148148148148157,0.33333333333333337,0.6666666666666667,0.75,0.5555555555555556,0.875,0.75,0.3028102233801334,0.23442955680135535,0.08625729513535901,0.08090935994510873,0.7044064352619566,High Risk
Nữ,2003 - 2005,Sinh viên đại học / cao đẳng (năm 1-2),Hoàn toàn trực tiếp (đến trường / văn phòng ≥ 4 ngày/tuần),Cân bằng cả học lẫn giải trí,3,2,3,3,1,1,1,6,2,2,2,1,1,5,3,4,5,4,0.75,0.5,0.3333333333333333,1.0,0.75,0.48148148148148157,0.33333333333333337,0.6666666666666667,0.75,0.5555555555555556,0.875,0.75,0.3028102233801334,0.23442955680135535,0.08625729513535901,0.08090935994510873,0.7044064352619566,High Risk
Nữ,2003 - 2005,Sinh viên đại học / cao đẳng (năm 3-4+),Hoàn toàn trực tiếp (đến trường / văn phòng ≥ 4 ngày/tuần),Cân bằng cả học lẫn giải trí,4,2,4,3,1,1,1,6,2,2,2,1,1,4,3,4,5,4,1.0,0.5,0.3333333333333333,1.0,1.0,0.48148148148148157,0.33333333333333337,0.6666666666666667,0.75,0.6666666666666667,0.875,0.75,0.33449694739796687,0.267462428528485,0.08625729513535901,0.08434135153564942,0.7725580225974604,High Risk
Nữ,2003 - 2005,Sinh viên đại học / cao đẳng (năm 1-2),Hoàn toàn trực tiếp (đến trường / văn phòng ≥ 4 ngày/tuần),Cân bằng cả học lẫn giải trí,3,3,3,3,1,1,1,6,2,2,1,1,1,5,3,4,4,4,0.75,0.6666666666666666,0.3333333333333333,1.0,0.75,0.48148148148148157,0.6666666666666667,0.6666666666666667,0.75,0.5555555555555556,0.75,0.75,0.27642474947024387,0.23981553244511275,0.10866074326360597,0.08090935994510873,0.7058103851240713,High Risk
Nữ,2003 - 2005,Sinh viên đại học / cao đẳng (năm 1-2),Hoàn toàn trực tiếp (đến trường / văn phòng ≥ 4 ngày/tuần),Cân bằng cả học lẫn giải trí,3,2,4,3,1,1,1,6,2,2,2,1,1,4,3,4,5,4,0.75,0.5,0.3333333333333333,1.0,1.0,0.48148148148148157,0.33333333333333337,0.6666666666666667,0.75,0.6666666666666667,0.875,0.75,0.33449694739796687,0.23442955680135535,0.08625729513535901,0.08434135153564942,0.7395251508703307,High Risk
Nữ,2003 - 2005,Sinh viên đại học / cao đẳng (năm 3-4+),Hoàn toàn trực tiếp (đến trường / văn phòng ≥ 4 ngày/tuần),Cân bằng cả học lẫn giải trí,4,2,4,3,1,1,1,6,2,2,2,1,1,4,6,4,5,4,1.0,0.5,0.3333333333333333,1.0,1.0,0.48148148148148157,0.33333333333333337,0.6666666666666667,0.75,0.6666666666666667,0.875,0.75,0.33449694739796687,0.267462428528485,0.08625729513535901,0.08434135153564942,0.7725580225974604,High Risk
Nữ,2003 - 2005,Sinh viên đại học / cao đẳng (năm 3-4+),Hoàn toàn trực tiếp (đến trường / văn phòng ≥ 4 ngày/tuần),Cân bằng cả học lẫn giải trí,4,2,3,3,1,1,1,6,2,2,2,1,1,5,6,4,5,4,1.0,0.5,0.3333333333333333,1.0,0.75,0.48148148148148157,0.33333333333333337,0.6666666666666667,0.75,0.5555555555555556,0.875,0.75,0.3028102233801334,0.267462428528485,0.08625729513535901,0.08090935994510873,0.7374393069890861,High Risk
Nữ,2003 - 2005,Sinh viên đại học / cao đẳng (năm 3-4+),Hoàn toàn trực tiếp (đến trường / văn phòng ≥ 4 ngày/tuần),Cân bằng cả học lẫn giải trí,4,2,4,3,1,1,1,6,2,2,2,1,1,4,6,4,5,4,1.0,0.5,0.3333333333333333,1.0,1.0,0.48148148148148157,0.33333333333333337,0.6666666666666667,0.75,0.6666666666666667,0.875,0.75,0.33449694739796687,0.267462428528485,0.08625729513535901,0.08434135153564942,0.7725580225974604,High Risk
Nữ,2003 - 2005,Sinh viên đại học / cao đẳng (năm 3-4+),Hoàn toàn trực tiếp (đến trường / văn phòng ≥ 4 ngày/tuần),Cân bằng cả học lẫn giải trí,3,2,3,3,1,1,1,6,2,2,2,1,1,4,6,4,5,4,0.75,0.5,0.3333333333333333,1.0,0.75,0.48148148148148157,0.33333333333333337,0.6666666666666667,0.75,0.6666666666666667,0.875,0.75,0.3028102233801334,0.23442955680135535,0.08625729513535901,0.08434135153564942,0.7078384268524973,High Risk
Nữ,2003 - 2005,Sinh viên đại học / cao đẳng (năm 3-4+),Hoàn toàn trực tiếp (đến trường / văn phòng ≥ 4 ngày/tuần),Cân bằng cả học lẫn giải trí,3,2,3,3,1,1,1,6,2,2,2,1,1,4,6,4,5,4,0.75,0.5,0.3333333333333333,1.0,0.75,0.48148148148148157,0.33333333333333337,0.6666666666666667,0.75,0.6666666666666667,0.875,0.75,0.3028102233801334,0.23442955680135535,0.08625729513535901,0.08434135153564942,0.7078384268524973,High Risk
Nữ,2003 - 2005,Sinh viên đại học / cao đẳng (năm 3-4+),Hoàn toàn trực tiếp (đến trường / văn phòng ≥ 4 ngày/tuần),Cân bằng cả học lẫn giải trí,3,2,3,3,1,1,1,6,2,2,2,1,1,5,6,4,5,4,0.75,0.5,0.3333333333333333,1.0,0.75,0.48148148148148157,0.33333333333333337,0.6666666666666667,0.75,0.5555555555555556,0.875,0.75,0.3028102233801334,0.23442955680135535,0.08625729513535901,0.08090935994510873,0.7044064352619566,High Risk
Nữ,2003 - 2005,Sinh viên đại học / cao đẳng (năm 3-4+),Hoàn toàn trực tiếp (đến trường / văn phòng ≥ 4 ngày/tuần),Cân bằng cả học lẫn giải trí,3,2,3,3,1,1,1,6,2,2,2,1,1,4,3,4,5,4,0.75,0.5,0.3333333333333333,1.0,0.75,0.48148148148148157,0.33333333333333337,0.6666666666666667,0.75,0.6666666666666667,0.875,0.75,0.3028102233801334,0.23442955680135535,0.08625729513535901,0.08434135153564942,0.7078384268524973,High Risk
Nữ,2003 - 2005,Sinh viên đại học / cao đẳng (năm 3-4+),Hoàn toàn trực tiếp (đến trường / văn phòng ≥ 4 ngày/tuần),Cân bằng cả học lẫn giải trí,4,2,3,3,1,1,1,6,2,2,2,1,1,5,6,4,5,4,1.0,0.5,0.3333333333333333,1.0,0.75,0.48148148148148157,0.33333333333333337,0.6666666666666667,0.75,0.5555555555555556,0.875,0.75,0.3028102233801334,0.267462428528485,0.08625729513535901,0.08090935994510873,0.7374393069890861,High Risk
Nữ,2003 - 2005,Sinh viên đại học / cao đẳng (năm 3-4+),Hoàn toàn trực tiếp (đến trường / văn phòng ≥ 4 ngày/tuần),Cân bằng cả học lẫn giải trí,3,2,4,3,1,1,1,6,2,2,2,1,1,4,3,4,5,4,0.75,0.5,0.3333333333333333,1.0,1.0,0.48148148148148157,0.33333333333333337,0.6666666666666667,0.75,0.6666666666666667,0.875,0.75,0.33449694739796687,0.23442955680135535,0.08625729513535901,0.08434135153564942,0.7395251508703307,High Risk
Nữ,2003 - 2005,Sinh viên đại học / cao đẳng (năm 3-4+),Hoàn toàn trực tiếp (đến trường / văn phòng ≥ 4 ngày/tuần),Cân bằng cả học lẫn giải trí,4,2,3,3,1,1,1,6,2,2,2,1,1,5,3,4,5,4,1.0,0.5,0.3333333333333333,1.0,0.75,0.48148148148148157,0.33333333333333337,0.6666666666666667,0.75,0.5555555555555556,0.875,0.75,0.3028102233801334,0.267462428528485,0.08625729513535901,0.08090935994510873,0.7374393069890861,High Risk
Nữ,2003 - 2005,Sinh viên đại học / cao đẳng (năm 1-2),Hoàn toàn trực tiếp (đến trường / văn phòng ≥ 4 ngày/tuần),Cân bằng cả học lẫn giải trí,4,2,3,3,1,1,1,6,2,2,1,1,1,5,3,4,4,4,1.0,0.5,0.3333333333333333,1.0,0.75,0.48148148148148157,0.6666666666666667,0.6666666666666667,0.75,0.5555555555555556,0.75,0.75,0.27642474947024387,0.267462428528485,0.10866074326360597,0.08090935994510873,0.7334572812074436,High Risk
Nữ,2003 - 2005,Sinh viên đại học / cao đẳng (năm 3-4+),Hoàn toàn trực tiếp (đến trường / văn phòng ≥ 4 ngày/tuần),Cân bằng cả học lẫn giải trí,3,2,3,3,1,1,1,6,2,2,2,1,1,4,6,4,5,4,0.75,0.5,0.3333333333333333,1.0,0.75,0.48148148148148157,0.33333333333333337,0.6666666666666667,0.75,0.6666666666666667,0.875,0.75,0.3028102233801334,0.23442955680135535,0.08625729513535901,0.08434135153564942,0.7078384268524973,High Risk
Nữ,2003 - 2005,Sinh viên đại học / cao đẳng (năm 3-4+),Hoàn toàn trực tiếp (đến trường / văn phòng ≥ 4 ngày/tuần),Cân bằng cả học lẫn giải trí,3,2,3,3,1,1,1,6,2,2,2,1,1,4,6,4,5,4,0.75,0.5,0.3333333333333333,1.0,0.75,0.48148148148148157,0.33333333333333337,0.6666666666666667,0.75,0.6666666666666667,0.875,0.75,0.3028102233801334,0.23442955680135535,0.08625729513535901,0.08434135153564942,0.7078384268524973,High Risk
Nữ,2003 - 2005,Sinh viên đại học / cao đẳng (năm 3-4+),Hoàn toàn trực tiếp (đến trường / văn phòng ≥ 4 ngày/tuần),Cân bằng cả học lẫn giải trí,3,2,3,3,1,1,1,6,2,2,2,1,1,4,3,4,5,4,0.75,0.5,0.3333333333333333,1.0,0.75,0.48148148148148157,0.33333333333333337,0.6666666666666667,0.75,0.6666666666666667,0.875,0.75,0.3028102233801334,0.23442955680135535,0.08625729513535901,0.08434135153564942,0.7078384268524973,High Risk
Nữ,2003 - 2005,Sinh viên đại học / cao đẳng (năm 3-4+),Hoàn toàn trực tiếp (đến trường / văn phòng ≥ 4 ngày/tuần),Cân bằng cả học lẫn giải trí,3,2,3,3,1,1,1,6,2,2,2,1,1,4,6,4,5,4,0.75,0.5,0.3333333333333333,1.0,0.75,0.48148148148148157,0.33333333333333337,0.6666666666666667,0.75,0.6666666666666667,0.875,0.75,0.3028102233801334,0.23442955680135535,0.08625729513535901,0.08434135153564942,0.7078384268524973,High Risk
Nữ,2003 - 2005,Sinh viên đại học / cao đẳng (năm 3-4+),Hoàn toàn trực tiếp (đến trường / văn phòng ≥ 4 ngày/tuần),Cân bằng cả học lẫn giải trí,3,2,3,3,1,1,1,6,2,2,2,1,1,4,6,4,5,4,0.75,0.5,0.3333333333333333,1.0,0.75,0.48148148148148157,0.33333333333333337,0.6666666666666667,0.75,0.6666666666666667,0.875,0.75,0.3028102233801334,0.23442955680135535,0.08625729513535901,0.08434135153564942,0.7078384268524973,High Risk
Nữ,2003 - 2005,Sinh viên đại học / cao đẳng (năm 3-4+),Hoàn toàn trực tiếp (đến trường / văn phòng ≥ 4 ngày/tuần),Cân bằng cả học lẫn giải trí,3,2,3,3,1,1,1,6,2,2,2,1,1,4,6,4,5,4,0.75,0.5,0.3333333333333333,1.0,0.75,0.48148148148148157,0.33333333333333337,0.6666666666666667,0.75,0.6666666666666667,0.875,0.75,0.3028102233801334,0.23442955680135535,0.08625729513535901,0.08434135153564942,0.7078384268524973,High Risk
Nữ,2003 - 2005,Sinh viên đại học / cao đẳng (năm 3-4+),Hoàn toàn trực tiếp (đến trường / văn phòng ≥ 4 ngày/tuần),Cân bằng cả học lẫn giải trí,3,2,3,3,1,1,1,6,2,2,2,1,1,4,6,4,5,4,0.75,0.5,0.3333333333333333,1.0,0.75,0.48148148148148157,0.33333333333333337,0.6666666666666667,0.75,0.6666666666666667,0.875,0.75,0.3028102233801334,0.23442955680135535,0.08625729513535901,0.08434135153564942,0.7078384268524973,High Risk
Nữ,2003 - 2005,Sinh viên đại học / cao đẳng (năm 3-4+),Hoàn toàn trực tiếp (đến trường / văn phòng ≥ 4 ngày/tuần),Cân bằng cả học lẫn giải trí,3,2,3,3,1,1,1,6,2,2,2,1,1,4,3,4,5,4,0.75,0.5,0.3333333333333333,1.0,0.75,0.48148148148148157,0.33333333333333337,0.6666666666666667,0.75,0.6666666666666667,0.875,0.75,0.3028102233801334,0.23442955680135535,0.08625729513535901,0.08434135153564942,0.7078384268524973,High Risk
Nữ,2003 - 2005,Sinh viên đại học / cao đẳng (năm 3-4+),Hoàn toàn trực tiếp (đến trường / văn phòng ≥ 4 ngày/tuần),Cân bằng cả học lẫn giải trí,3,2,3,3,1,1,1,6,2,2,2,1,1,5,3,4,5,4,0.75,0.5,0.3333333333333333,1.0,0.75,0.48148148148148157,0.33333333333333337,0.6666666666666667,0.75,0.5555555555555556,0.875,0.75,0.3028102233801334,0.23442955680135535,0.08625729513535901,0.08090935994510873,0.7044064352619566,High Risk
Nữ,2003 - 2005,Sinh viên đại học / cao đẳng (năm 3-4+),Hoàn toàn trực tiếp (đến trường / văn phòng ≥ 4 ngày/tuần),Cân bằng cả học lẫn giải trí,3,2,3,3,1,1,1,6,2,2,2,1,1,4,3,4,5,4,0.75,0.5,0.3333333333333333,1.0,0.75,0.48148148148148157,0.33333333333333337,0.6666666666666667,0.75,0.6666666666666667,0.875,0.75,0.3028102233801334,0.23442955680135535,0.08625729513535901,0.08434135153564942,0.7078384268524973,High Risk
Nữ,2003 - 2005,Sinh viên đại học / cao đẳng (năm 3-4+),Hoàn toàn trực tiếp (đến trường / văn phòng ≥ 4 ngày/tuần),Cân bằng cả học lẫn giải trí,3,2,3,3,1,1,1,6,2,2,2,1,1,4,6,4,5,4,0.75,0.5,0.3333333333333333,1.0,0.75,0.48148148148148157,0.33333333333333337,0.6666666666666667,0.75,0.6666666666666667,0.875,0.75,0.3028102233801334,0.23442955680135535,0.08625729513535901,0.08434135153564942,0.7078384268524973,High Risk
Nữ,2003 - 2005,Sinh viên đại học / cao đẳng (năm 3-4+),Hoàn toàn trực tiếp (đến trường / văn phòng ≥ 4 ngày/tuần),Cân bằng cả học lẫn giải trí,3,2,3,3,1,1,1,6,2,2,2,1,1,4,6,4,5,4,0.75,0.5,0.3333333333333333,1.0,0.75,0.48148148148148157,0.33333333333333337,0.6666666666666667,0.75,0.6666666666666667,0.875,0.75,0.3028102233801334,0.23442955680135535,0.08625729513535901,0.08434135153564942,0.7078384268524973,High Risk
Nữ,2003 - 2005,Sinh viên đại học / cao đẳng (năm 3-4+),Hoàn toàn trực tiếp (đến trường / văn phòng ≥ 4 ngày/tuần),Cân bằng cả học lẫn giải trí,3,2,3,3,1,1,1,6,2,2,2,1,1,4,6,4,5,4,0.75,0.5,0.3333333333333333,1.0,0.75,0.48148148148148157,0.33333333333333337,0.6666666666666667,0.75,0.6666666666666667,0.875,0.75,0.3028102233801334,0.23442955680135535,0.08625729513535901,0.08434135153564942,0.7078384268524973,High Risk
Nữ,2003 - 2005,Sinh viên đại học / cao đẳng (năm 3-4+),Hoàn toàn trực tiếp (đến trường / văn phòng ≥ 4 ngày/tuần),Cân bằng cả học lẫn giải trí,3,2,3,3,1,1,1,6,2,2,2,1,1,4,6,4,5,4,0.75,0.5,0.3333333333333333,1.0,0.75,0.48148148148148157,0.33333333333333337,0.6666666666666667,0.75,0.6666666666666667,0.875,0.75,0.3028102233801334,0.23442955680135535,0.08625729513535901,0.08434135153564942,0.7078384268524973,High Risk
Nữ,2003 - 2005,Sinh viên đại học / cao đẳng (năm 3-4+),Hoàn toàn trực tiếp (đến trường / văn phòng ≥ 4 ngày/tuần),Cân bằng cả học lẫn giải trí,3,2,3,3,1,1,1,6,2,2,2,1,1,4,6,4,5,4,0.75,0.5,0.3333333333333333,1.0,0.75,0.48148148148148157,0.33333333333333337,0.6666666666666667,0.75,0.6666666666666667,0.875,0.75,0.3028102233801334,0.23442955680135535,0.08625729513535901,0.08434135153564942,0.7078384268524973,High Risk
Nữ,2003 - 2005,Sinh viên đại học / cao đẳng (năm 3-4+),Hoàn toàn trực tiếp (đến trường / văn phòng ≥ 4 ngày/tuần),Cân bằng cả học lẫn giải trí,3,2,3,3,1,1,1,6,2,2,2,1,1,4,6,4,5,4,0.75,0.5,0.3333333333333333,1.0,0.75,0.48148148148148157,0.33333333333333337,0.6666666666666667,0.75,0.6666666666666667,0.875,0.75,0.3028102233801334,0.23442955680135535,0.08625729513535901,0.08434135153564942,0.7078384268524973,High Risk
Nữ,2003 - 2005,Sinh viên đại học / cao đẳng (năm 3-4+),Hoàn toàn trực tiếp (đến trường / văn phòng ≥ 4 ngày/tuần),Cân bằng cả học lẫn giải trí,3,2,3,3,1,1,1,6,2,2,2,1,1,4,6,4,5,4,0.75,0.5,0.3333333333333333,1.0,0.75,0.48148148148148157,0.33333333333333337,0.6666666666666667,0.75,0.6666666666666667,0.875,0.75,0.3028102233801334,0.23442955680135535,0.08625729513535901,0.08434135153564942,0.7078384268524973,High Risk
Nữ,2003 - 2005,Sinh viên đại học / cao đẳng (năm 3-4+),Hoàn toàn trực tiếp (đến trường / văn phòng ≥ 4 ngày/tuần),Cân bằng cả học lẫn giải trí,3,2,3,3,1,1,1,6,2,2,2,1,1,4,6,4,5,4,0.75,0.5,0.3333333333333333,1.0,0.75,0.48148148148148157,0.33333333333333337,0.6666666666666667,0.75,0.6666666666666667,0.875,0.75,0.3028102233801334,0.23442955680135535,0.08625729513535901,0.08434135153564942,0.7078384268524973,High Risk
Nữ,2003 - 2005,Sinh viên đại học / cao đẳng (năm 3-4+),Hoàn toàn trực tiếp (đến trường / văn phòng ≥ 4 ngày/tuần),Cân bằng cả học lẫn giải trí,3,2,3,3,1,1,1,6,2,2,2,1,1,4,6,4,5,4,0.75,0.5,0.3333333333333333,1.0,0.75,0.48148148148148157,0.33333333333333337,0.6666666666666667,0.75,0.6666666666666667,0.875,0.75,0.3028102233801334,0.23442955680135535,0.08625729513535901,0.08434135153564942,0.7078384268524973,High Risk
Nữ,2003 - 2005,Sinh viên đại học / cao đẳng (năm 3-4+),Hoàn toàn trực tiếp (đến trường / văn phòng ≥ 4 ngày/tuần),Cân bằng cả học lẫn giải trí,3,2,3,3,1,1,1,6,2,2,2,1,1,4,6,4,5,4,0.75,0.5,0.3333333333333333,1.0,0.75,0.48148148148148157,0.33333333333333337,0.6666666666666667,0.75,0.6666666666666667,0.875,0.75,0.3028102233801334,0.23442955680135535,0.08625729513535901,0.08434135153564942,0.7078384268524973,High Risk
